lahmanID,FirstName,LastName,RetrosheetID,batAve2009Sorted,PA
matosos01,Osiris,Matos,matoo001,1.0,1.0
davidda01,Dave,Davidson,david003,1.0,1.0
corpoca01,Carlos,Corporan,corpc001,1.0,1.0
chenbr01,Bruce,Chen,chenb001,1.0,2.0
baezda01,Danys,Baez,baezd001,1.0,1.0
gonzaed01,Edgar,Gonzalez,gonze001,1.0,2.0
hoovepa01,Paul,Hoover,hoovp001,0.75,4.0
castiwi01,Wilkin,Castillo,castw001,0.667,3.0
duranlu01,Luis,Durango,dural001,0.545,14.0
ohmanwi01,Will,Ohman,ohmaw001,0.5,3.0
richake02,Kevin,Richardson,richk001,0.5,6.0
huberju01,Justin,Huber,hubej001,0.5,2.0
wakefti01,Tim,Wakefield,waket001,0.5,2.0
woodti01,Tim,Wood,woodt003,0.5,2.0
affelje01,Jeremy,Affeldt,affej001,0.5,2.0
cahiltr01,Trevor,Cahill,cahit001,0.5,2.0
francju02,Juan,Francisco,franj005,0.429,25.0
tracyan01,Andy,Tracy,traca001,0.417,12.0
huch01,Chin-lung,Hu,hu--c001,0.4,6.0
porceri01,Rick,Porcello,porcr001,0.4,5.0
barfijo02,Josh,Barfield,barfj003,0.4,20.0
moralfr01,Franklin,Morales,moraf001,0.4,5.0
silvawa01,Walter,Silva,silvw001,0.375,8.0
mauerjo01,Joe,Mauer,mauej001,0.365,606.0
vanevjo01,Jonathan,Van Every,vanej001,0.364,13.0
batesaa01,Aaron,Bates,batea001,0.364,12.0
ramirwi01,Wilkin,Ramirez,ramiw001,0.364,13.0
suzukic01,Ichiro,Suzuki,suzui001,0.352,678.0
ramirha01,Hanley,Ramirez,ramih003,0.342,652.0
jeterde01,Derek,Jeter,jeted001,0.334,716.0
nievefe01,Fernando,Nieve,nievf001,0.333,9.0
motagu01,Guillermo,Mota,motag001,0.333,4.0
priceda01,David,Price,pricd001,0.333,3.0
osullse01,Sean,O'Sullivan,osuls001,0.333,3.0
fulchje01,Jeff,Fulchino,fulcj001,0.333,3.0
riversa01,Saul,Rivera,rives001,0.333,5.0
browndu01,Dusty,Brown,browd003,0.333,4.0
ruschgl01,Glendon,Rusch,ruscg001,0.333,6.0
miranju01,Juan,Miranda,miraj001,0.333,9.0
mientdo01,Doug,Mientkiewicz,miend001,0.333,20.0
hudsoti01,Tim,Hudson,hudst001,0.333,15.0
sandopa01,Pablo,Sandoval,sandp001,0.33,633.0
pujolal01,Albert,Pujols,pujoa001,0.327,700.0
beltrca01,Carlos,Beltran,beltc001,0.325,357.0
heltoto01,Todd,Helton,heltt001,0.325,645.0
hamptmi01,Mike,Hampton,hampm001,0.324,41.0
cabremi01,Miguel,Cabrera,cabrm001,0.324,685.0
freesda01,David,Freese,freed001,0.323,34.0
youngmi02,Michael,Young,younm003,0.322,593.0
vottojo01,Joey,Votto,vottj001,0.322,544.0
coghlch01,Chris,Coghlan,coghc001,0.321,565.0
tholejo01,Josh,Thole,tholj001,0.321,59.0
braunry02,Ryan,Braun,braur002,0.32,708.0
bartlja01,Jason,Bartlett,bartj001,0.32,567.0
canoro01,Robinson,Cano,canor001,0.32,674.0
ramirar01,Aramis,Ramirez,ramia001,0.317,342.0
carpmi01,Mike,Carp,carpm001,0.315,65.0
ruizra01,Randy,Ruiz,ruizr001,0.313,130.0
brantmi02,Michael,Brantley,branm003,0.313,121.0
tejadmi01,Miguel,Tejada,tejam001,0.313,673.0
hollima01,Matt,Holliday,hollm001,0.313,670.0
diazma02,Matt,Diaz,diazm003,0.313,425.0
aybarer01,Erick,Aybar,aybae001,0.312,556.0
borboju01,Julio,Borbon,borbj001,0.312,179.0
phillpa01,Paul,Phillips,philp001,0.311,54.0
spande01,Denard,Span,spand001,0.311,676.0
moraljo02,Jose,Morales,moraj002,0.311,134.0
lopezfe01,Felipe,Lopez,lopef001,0.31,680.0
ordonma01,Magglio,Ordonez,ordom001,0.31,518.0
jonesmi03,Mitch,Jones,jonem003,0.308,15.0
jonesbr02,Brandon,Jones,joneb005,0.308,17.0
cabreas01,Asdrubal,Cabrera,cabra002,0.308,581.0
pierrju01,Juan,Pierre,pierj002,0.308,425.0
morgany01,Nyjer,Morgan,morgn001,0.307,533.0
pradoma01,Martin,Prado,pradm001,0.307,503.0
wrighda03,David,Wright,wrigd002,0.307,618.0
paganan01,Angel,Pagan,pagaa001,0.306,376.0
leede02,Derrek,Lee,lee-d002,0.306,615.0
moralke01,Kendrys,Morales,morak001,0.306,622.0
lindad01,Adam,Lind,linda001,0.305,654.0
rolensc01,Scott,Rolen,roles001,0.305,535.0
davisra01,Rajai,Davis,davir003,0.305,432.0
infanom01,Omar,Infante,infao001,0.305,229.0
youklke01,Kevin,Youkilis,youkk001,0.305,588.0
crawfca02,Carl,Crawford,crawc002,0.305,672.0
podsesc01,Scott,Podsednik,podss001,0.304,587.0
germaes01,Esteban,German,germe001,0.304,50.0
escobal02,Alcides,Escobar,escoa003,0.304,134.0
martivi01,Victor,Martinez,martv001,0.303,672.0
schumsk01,Skip,Schumaker,schus001,0.303,586.0
salazos01,Oscar,Salazar,salao001,0.302,154.0
castilu01,Luis,Castillo,castl001,0.302,580.0
mcgehca01,Casey,McGehee,mcgec001,0.301,394.0
floreje02,Jesus,Flores,florj002,0.301,106.0
butlebi03,Billy,Butler,butlb003,0.301,672.0
ellsbja01,Jacoby,Ellsbury,ellsj001,0.301,691.0
dillojo02,Joe,Dillon,dillj001,0.3,35.0
pierzaj01,A. J.,Pierzynski,piera001,0.3,535.0
choosh01,Shin-Soo,Choo,choos001,0.3,685.0
kubelja01,Jason,Kubel,kubej002,0.3,578.0
uptonju01,Justin,Upton,uptoj001,0.3,588.0
callaal01,Alberto,Callaspo,calla001,0.3,634.0
izturma01,Maicer,Izturis,iztum001,0.3,437.0
leeca01,Carlos,Lee,lee-c001,0.3,662.0
fieldpr01,Prince,Fielder,fielp001,0.299,719.0
fuldsa01,Sam,Fuld,fulds001,0.299,115.0
hunteto01,Torii,Hunter,huntt001,0.299,506.0
escobyu01,Yunel,Escobar,escoy001,0.299,604.0
figgich01,Chone,Figgins,figgc001,0.298,729.0
cervefr01,Francisco,Cervelli,cervf001,0.298,101.0
delgaca01,Carlos,Delgado,delgc001,0.298,112.0
tulowtr01,Troy,Tulowitzki,tulot001,0.297,628.0
kempma01,Matt,Kemp,kempm001,0.297,667.0
zobribe01,Ben,Zobrist,zobrb001,0.297,599.0
pedrodu01,Dustin,Pedroia,pedrd001,0.296,714.0
ausmubr01,Brad,Ausmus,ausmb001,0.295,107.0
guerrvl01,Vladimir,Guerrero,guerv001,0.295,407.0
montemi01,Miguel,Montero,montm001,0.294,470.0
sanchfr01,Freddy,Sanchez,sancf001,0.293,489.0
smithse01,Seth,Smith,smits002,0.293,387.0
sweenry01,Ryan,Sweeney,sweer001,0.293,534.0
molinya01,Yadier,Molina,moliy001,0.293,544.0
markani01,Nick,Markakis,markn001,0.293,711.0
jonesga02,Garrett,Jones,joneg002,0.293,358.0
abreubo01,Bobby,Abreu,abreb001,0.293,667.0
teixema01,Mark,Teixeira,teixm001,0.292,707.0
zimmery01,Ryan,Zimmerman,zimmr001,0.292,693.0
victosh01,Shane,Victorino,victs001,0.292,694.0
ryanbr01,Brendan,Ryan,ryanb002,0.292,429.0
raburry01,Ryan,Raburn,rabur001,0.291,291.0
johnsni01,Nick,Johnson,johnn001,0.291,574.0
torreyo01,Yorvit,Torrealba,torry001,0.291,242.0
kendrho01,Howie,Kendrick,kendh001,0.291,400.0
parrage01,Gerardo,Parra,parrg001,0.29,491.0
iwamuak01,Akinori,Iwamura,iwama001,0.29,260.0
lowelmi01,Mike,Lowell,lowem001,0.29,484.0
ramirma02,Manny,Ramirez,ramim002,0.29,431.0
maysoed01,Edwin,Maysonet,mayse001,0.29,79.0
aubremi01,Michael,Aubrey,aubrm001,0.289,95.0
uribeju01,Juan,Uribe,uribj002,0.289,432.0
cantujo01,Jorge,Cantu,cantj001,0.289,643.0
kennead01,Adam,Kennedy,kenna001,0.289,586.0
bakerje03,Jeff,Baker,bakej001,0.288,248.0
wietema01,Matt,Wieters,wietm001,0.288,385.0
penara02,Ramiro,Pena,penar002,0.287,121.0
riverju01,Juan,Rivera,rivej001,0.287,572.0
patteer01,Eric,Patterson,patte001,0.287,110.0
carsoma01,Matt,Carson,carsm001,0.286,22.0
nadyxa01,Xavier,Nady,nadyx001,0.286,29.0
evanste01,Terry,Evans,evant002,0.286,7.0
hillaa01,Aaron,Hill,hilla001,0.286,734.0
mccutan01,Andrew,McCutchen,mccua001,0.286,493.0
quirogu01,Guillermo,Quiroz,quirg001,0.286,15.0
pettich01,Chris,Pettit,pettc001,0.286,7.0
rodrial01,Alex,Rodriguez,rodra001,0.286,535.0
holmst01,Steve,Holm,holms002,0.286,9.0
bournmi01,Michael,Bourn,bourm001,0.285,678.0
counscr01,Craig,Counsell,counc001,0.285,459.0
hawpebr01,Brad,Hawpe,hawpb001,0.285,588.0
polanpl01,Placido,Polanco,polap001,0.285,675.0
posadjo01,Jorge,Posada,posaj001,0.285,438.0
guzmacr01,Cristian,Guzman,guzmc001,0.284,555.0
youngde03,Delmon,Young,yound003,0.284,416.0
cabreor01,Orlando,Cabrera,cabro001,0.284,708.0
gonzaca01,Carlos,Gonzalez,gonzc001,0.284,317.0
theriry01,Ryan,Theriot,therr001,0.284,677.0
roberbr01,Brian,Roberts,robeb003,0.283,717.0
byrdma01,Marlon,Byrd,byrdm001,0.283,599.0
hudsoor01,Orlando,Hudson,hudso001,0.283,631.0
gutiefr01,Franklin,Gutierrez,gutif001,0.283,629.0
damonjo01,Johnny,Damon,damoj001,0.282,626.0
pencehu01,Hunter,Pence,pench001,0.282,647.0
tatisfe01,Fernando,Tatis,tatif001,0.282,379.0
utleych01,Chase,Utley,utlec001,0.282,687.0
scutama01,Marco,Scutaro,scutm001,0.282,680.0
longoev01,Evan,Longoria,longe001,0.281,671.0
loneyja01,James,Loney,lonej001,0.281,651.0
barkeke01,Kevin,Barker,barkk001,0.281,36.0
fioreje01,Jeff,Fiorentino,fiorj001,0.281,75.0
dejesda01,David,DeJesus,dejed001,0.281,627.0
mccanbr01,Brian,McCann,mccab002,0.281,551.0
garcino01,Nomar,Garciaparra,garcn001,0.281,169.0
sweenmi01,Mike,Sweeney,sweem002,0.281,266.0
inglejo01,Joe,Inglett,inglj001,0.281,99.0
lugoju01,Julio,Lugo,lugoj001,0.28,293.0
blakeca01,Casey,Blake,blakc001,0.28,565.0
francje02,Jeff,Francoeur,franj004,0.28,632.0
desmoia01,Ian,Desmond,desmi001,0.28,89.0
roberry01,Ryan,Roberts,rober002,0.279,351.0
diazro01,Robinzon,Diaz,diazr001,0.279,138.0
reyesjo01,Jose,Reyes,reyej001,0.279,166.0
pennicl01,Cliff,Pennington,pennc001,0.279,229.0
reimono01,Nolan,Reimold,reimn001,0.279,411.0
millela02,Lastings,Milledge,milll002,0.279,265.0
drewjd01,J. D.,Drew,drewj001,0.279,539.0
howarry01,Ryan,Howard,howar001,0.279,703.0
avilaal01,Alex,Avila,avila001,0.279,72.0
phillky01,Kyle,Phillips,philk001,0.278,18.0
kotsama01,Mark,Kotsay,kotsm001,0.278,206.0
catalfr01,Frank,Catalanotto,cataf001,0.278,162.0
brignre01,Reid,Brignac,brigr001,0.278,93.0
ramiral03,Alexei,Ramirez,ramia003,0.277,606.0
gonzaad01,Adrian,Gonzalez,gonza003,0.277,681.0
jonesad01,Adam,Jones,jonea003,0.277,519.0
castrju01,Juan,Castro,castj004,0.277,121.0
larocad01,Adam,LaRoche,laroa001,0.277,629.0
belliro01,Ronnie,Belliard,bellr002,0.277,287.0
konerpa01,Paul,Konerko,konep001,0.277,621.0
phillbr01,Brandon,Phillips,philb001,0.276,644.0
carroja01,Jamey,Carroll,carrj001,0.276,358.0
cuddymi01,Michael,Cuddyer,cuddm001,0.276,650.0
sheffga01,Gary,Sheffield,shefg001,0.276,312.0
dickech01,Chris,Dickerson,dickc001,0.275,299.0
cabreme01,Melky,Cabrera,cabrm002,0.274,540.0
berkmla01,Lance,Berkman,berkl001,0.274,562.0
suzukku01,Kurt,Suzuki,suzuk001,0.274,614.0
matsuhi01,Hideki,Matsui,matsh001,0.274,526.0
morneju01,Justin,Morneau,mornj001,0.274,590.0
penabr01,Brayan,Pena,penab002,0.273,183.0
rossda01,David,Ross,rossd001,0.273,151.0
wiggity01,Ty,Wigginton,wiggt001,0.273,436.0
tagucso01,So,Taguchi,tagus001,0.273,12.0
perezol01,Oliver,Perez,pereo002,0.273,24.0
sonnaan01,Andy,Sonnanstine,sonna001,0.273,12.0
chaveen01,Endy,Chavez,chave002,0.273,182.0
hayesbr01,Brett,Hayes,hayeb001,0.273,12.0
churcry01,Ryan,Church,churr001,0.273,399.0
napolmi01,Mike,Napoli,napom001,0.272,432.0
lopezjo01,Jose,Lopez,lopej003,0.272,653.0
ibanera01,Raul,Ibanez,ibanr001,0.272,565.0
pauliro01,Ronny,Paulino,paulr001,0.272,266.0
weeksri01,Rickie,Weeks,weekr001,0.272,162.0
hafnetr01,Travis,Hafner,hafnt001,0.272,383.0
ethiean01,Andre,Ethier,ethia001,0.272,685.0
helmswe01,Wes,Helms,helmw001,0.271,234.0
bakerjo01,John,Baker,bakej002,0.271,423.0
teahema01,Mark,Teahen,teahm001,0.271,571.0
ryalru01,Rusty,Ryal,ryalr001,0.271,68.0
beckhgo01,Gordon,Beckham,beckg001,0.27,430.0
gwynnto02,Tony,Gwynn,gwynt002,0.27,451.0
gardnbr01,Brett,Gardner,gardb001,0.27,284.0
rossco01,Cody,Ross,rossc001,0.27,604.0
torrean02,Andres,Torres,torra001,0.27,170.0
murphda07,David,Murphy,murpd005,0.269,493.0
bartoda02,Daric,Barton,bartd001,0.269,192.0
furcara01,Rafael,Furcal,furcr001,0.269,680.0
werthja01,Jayson,Werth,wertj001,0.268,676.0
anderga01,Garret,Anderson,andeg001,0.268,534.0
kotchca01,Casey,Kotchman,kotcc001,0.268,431.0
hamiljo03,Josh,Hamilton,hamij003,0.268,365.0
garkory01,Ryan,Garko,garkr001,0.268,400.0
gomesjo01,Jonny,Gomes,gomej001,0.267,314.0
cairomi01,Miguel,Cairo,cairm001,0.267,47.0
gathrjo01,Joey,Gathright,gathj001,0.267,32.0
schiena01,Nate,Schierholtz,schin001,0.267,308.0
velezeu01,Eugenio,Velez,velee001,0.267,307.0
mcdonda02,Darnell,McDonald,mcdod002,0.267,111.0
stubbdr01,Drew,Stubbs,stubd001,0.267,196.0
santira01,Ramon,Santiago,santr002,0.267,296.0
andruel01,Elvis,Andrus,andre001,0.267,541.0
dunnad01,Adam,Dunn,dunna001,0.267,668.0
bayja01,Jason,Bay,bay-j001,0.267,638.0
felizpe01,Pedro,Feliz,felip001,0.266,625.0
fowlede01,Dexter,Fowler,fowld001,0.266,518.0
youngde04,Delwyn,Young,yound004,0.266,388.0
vizquom01,Omar,Vizquel,vizqo001,0.266,195.0
murphda08,Daniel,Murphy,murpd006,0.266,556.0
piefe01,Felix,Pie,pie-f001,0.266,281.0
molinbe01,Bengie,Molina,molib001,0.265,520.0
ludwiry01,Ryan,Ludwick,ludwr001,0.265,539.0
hairssc01,Scott,Hairston,hairs001,0.265,464.0
gonzaal03,Alberto,Gonzalez,gonza005,0.265,316.0
bloomwi01,Willie,Bloomquist,bloow001,0.265,468.0
beltrad01,Adrian,Beltre,belta001,0.265,477.0
overbly01,Lyle,Overbay,overl001,0.265,500.0
jonesch06,Chipper,Jones,jonec004,0.264,596.0
hanigry01,Ryan,Hanigan,hanir001,0.263,293.0
ellisma01,Mark,Ellis,ellim001,0.263,410.0
winnra01,Randy,Winn,winnr001,0.262,597.0
headlch01,Chase,Headley,headc001,0.262,612.0
rowanaa01,Aaron,Rowand,rowaa001,0.261,546.0
youngch03,Chris,Young,younc003,0.261,26.0
getzch01,Chris,Getz,getzc001,0.261,415.0
ishiktr01,Travis,Ishikawa,ishit001,0.261,363.0
drewst01,Stephen,Drew,drews001,0.261,595.0
gloadro01,Ross,Gload,gloar001,0.261,259.0
harribr01,Brendan,Harris,harrb001,0.261,453.0
cruzne02,Nelson,Cruz,cruzn002,0.26,515.0
reynoma01,Mark,Reynolds,reynm001,0.26,662.0
willijo03,Josh,Willingham,willj004,0.26,502.0
santoom01,Omir,Santos,santo001,0.26,306.0
morame01,Melvin,Mora,moram002,0.26,496.0
wellsve01,Vernon,Wells,wellv001,0.26,684.0
hartco01,Corey,Hart,hartc001,0.26,472.0
zaungr01,Gregg,Zaun,zaung001,0.26,296.0
eckstda01,David,Eckstein,ecksd001,0.26,568.0
owingmi01,Micah,Owings,owinm001,0.259,58.0
nievewi01,Wil,Nieves,nievw001,0.259,249.0
hermije01,Jeremy,Hermida,hermj001,0.259,491.0
fukudko01,Kosuke,Fukudome,fukuk001,0.259,603.0
foxja02,Jake,Fox,fox-j001,0.259,241.0
moellch01,Chad,Moeller,moelc001,0.258,100.0
scottlu01,Luke,Scott,scotl001,0.258,506.0
hernara02,Ramon,Hernandez,hernr002,0.258,331.0
lewisfr02,Fred,Lewis,lewif001,0.258,336.0
larocan01,Andy,LaRoche,laroa002,0.258,590.0
mcdonjo03,John,McDonald,mcdoj003,0.258,156.0
chavera01,Raul,Chavez,chavr001,0.258,168.0
bradlmi01,Milton,Bradley,bradm001,0.257,473.0
francbe01,Ben,Francisco,franb001,0.257,459.0
keppije01,Jeff,Keppinger,keppj001,0.256,344.0
mclouna01,Nate,McLouth,mclon001,0.256,591.0
valdewi01,Wilson,Valdez,valdw001,0.256,95.0
izturce01,Cesar,Izturis,iztuc001,0.256,412.0
venabwi01,Will,Venable,venaw001,0.256,324.0
kouzmke01,Kevin,Kouzmanoff,kouzk001,0.255,573.0
johnsre02,Reed,Johnson,johnr008,0.255,186.0
wilsoja02,Jack,Wilson,wilsj002,0.255,402.0
ruizca01,Carlos,Ruiz,ruizc001,0.255,379.0
cabreev01,Everth,Cabrera,cabre001,0.255,438.0
laporma01,Matt,LaPorta,lapom001,0.254,198.0
peraljh01,Jhonny,Peralta,peraj001,0.254,645.0
kinslia01,Ian,Kinsler,kinsi001,0.253,640.0
baldero01,Rocco,Baldelli,baldr001,0.253,164.0
aybarwi01,Willy,Aybar,aybaw001,0.253,336.0
orrpe01,Pete,Orr,orr-p001,0.253,81.0
jaramja01,Jason,Jaramillo,jaraj001,0.252,224.0
bonifem01,Emilio,Bonifacio,bonie001,0.252,509.0
thamema01,Marcus,Thames,thamm001,0.252,294.0
blancan01,Andres,Blanco,blana001,0.252,138.0
hairsje02,Jerry,Hairston,hairj002,0.251,433.0
hernaan01,Anderson,Hernandez,herna003,0.251,404.0
branyru01,Russell,Branyan,branr001,0.251,505.0
rasmuco01,Colby,Rasmus,rasmc001,0.251,520.0
coraal01,Alex,Cora,coraa001,0.251,308.0
buehrma01,Mark,Buehrle,buehm001,0.25,5.0
sabatcc01,CC,Sabathia,sabac001,0.25,4.0
martiru01,Russell,Martin,martr004,0.25,588.0
maybica01,Cameron,Maybin,maybc001,0.25,199.0
derosma01,Mark,DeRosa,derom001,0.25,576.0
belloed01,Edwin,Bellorin,belle002,0.25,9.0
deazaal01,Alejandro,De Aza,deaza001,0.25,27.0
martijo07,Joe,Martinez,martj004,0.25,9.0
blankky01,Kyle,Blanks,blank002,0.25,172.0
malonma02,Matt,Maloney,malom001,0.25,15.0
matthga02,Gary,Matthews,mattg002,0.25,360.0
sullico01,Cory,Sullivan,sullc001,0.25,157.0
hoffpja01,Jarrett,Hoffpauir,hoffj002,0.25,16.0
matsuka01,Kazuo,Matsui,matsk001,0.25,533.0
doumiry01,Ryan,Doumit,doumr001,0.25,304.0
vargaja01,Jason,Vargas,vargj001,0.25,4.0
bernaro01,Roger,Bernadina,bernr001,0.25,5.0
kellydo01,Don,Kelly,kelld001,0.25,62.0
kendrky01,Kyle,Kendrick,kendk001,0.25,9.0
wrighwe01,Wesley,Wright,wrigw001,0.25,4.0
greenan01,Andy,Green,greea001,0.25,5.0
camermi01,Mike,Cameron,camem001,0.25,628.0
renteed01,Edgar,Renteria,rente001,0.25,510.0
murtoma01,Matt,Murton,murtm001,0.25,56.0
mujiced01,Edward,Mujica,mujie001,0.25,10.0
richada02,Danny,Richar,richd001,0.25,9.0
abreuto01,Tony,Abreu,abret001,0.25,11.0
dukesel01,Elijah,Dukes,dukee001,0.25,416.0
rolliji01,Jimmy,Rollins,rollj001,0.25,725.0
valbulu01,Luis,Valbuena,valbl001,0.25,398.0
guzmaje01,Jesus,Guzman,guzmj005,0.25,20.0
dyeje01,Jermaine,Dye,dye-j001,0.25,574.0
morsemi01,Mike,Morse,morsm001,0.25,55.0
hestejo01,John,Hester,hestj001,0.25,30.0
olivomi01,Miguel,Olivo,olivm001,0.249,416.0
rodriiv01,Ivan,Rodriguez,rodri001,0.249,448.0
grandcu01,Curtis,Granderson,granc001,0.249,710.0
thomeji01,Jim,Thome,thomj002,0.249,434.0
swishni01,Nick,Swisher,swisn001,0.249,607.0
sizemgr01,Grady,Sizemore,sizeg001,0.248,503.0
romeral01,Alex,Romero,romea001,0.248,157.0
johjike01,Kenji,Johjima,johjk001,0.247,258.0
buckjo01,John,Buck,buckj001,0.247,202.0
blumge01,Geoff,Blum,blumg001,0.247,427.0
harenda01,Dan,Haren,hared001,0.247,87.0
maxweju01,Justin,Maxwell,maxwj002,0.247,102.0
riosal01,Alex,Rios,riosa002,0.247,633.0
dobbsgr01,Greg,Dobbs,dobbg001,0.247,169.0
marsolo01,Lou,Marson,marsl001,0.246,72.0
younger03,Eric,Young,youne003,0.246,61.0
ojedaau01,Augie,Ojeda,ojeda001,0.246,309.0
betanyu01,Yuniesky,Betancourt,betay001,0.245,508.0
barmecl01,Clint,Barmes,barmc001,0.245,604.0
quinlro01,Robb,Quinlan,quinr002,0.243,120.0
oeltjtr01,Trent,Oeltjen,oeltt001,0.243,73.0
ugglada01,Dan,Uggla,uggld001,0.243,668.0
anderbr03,Brian,Anderson,andeb003,0.243,231.0
maiermi01,Mitch,Maier,maiem001,0.243,397.0
scalebo01,Bobby,Scales,scalb001,0.242,138.0
gamelma01,Mat,Gamel,gamem001,0.242,148.0
hinsker01,Eric,Hinske,hinse001,0.242,224.0
reedje03,Jeremy,Reed,reedj004,0.242,177.0
hernami01,Michel,Hernandez,hernm002,0.242,107.0
guillca01,Carlos,Guillen,guilc001,0.242,322.0
guilljo01,Jose,Guillen,guilj001,0.242,312.0
snidetr01,Travis,Snider,snidt001,0.241,276.0
kendaja01,Jason,Kendall,kendj001,0.241,526.0
spilbry01,Ryan,Spilborghs,spilr001,0.241,393.0
uptonbj01,B. J.,Upton,uptob001,0.241,626.0
huffau01,Aubrey,Huff,huffa001,0.241,597.0
soriaal01,Alfonso,Soriano,soria001,0.241,522.0
larueja01,Jason,LaRue,laruj001,0.24,112.0
robinsh01,Shane,Robinson,robis001,0.24,26.0
custja01,Jack,Cust,custj001,0.24,612.0
taverwi01,Willy,Taveras,tavew001,0.24,437.0
thomacl02,Clete,Thomas,thomc002,0.24,310.0
anderjo03,Josh,Anderson,andej004,0.24,298.0
nixla01,Laynce,Nix,nix-l001,0.239,337.0
kaplega01,Gabe,Kapler,kaplg001,0.239,238.0
hoffpmi01,Micah,Hoffpauir,hoffm001,0.239,257.0
burriem01,Emmanuel,Burriss,burre001,0.238,220.0
ortizda01,David,Ortiz,ortid001,0.238,627.0
gonzaal02,Alex,Gonzalez,gonza002,0.238,429.0
davisch02,Chris,Davis,davic003,0.238,419.0
hundlni01,Nick,Hundley,hundn001,0.238,289.0
bucknbi02,Billy,Buckner,buckb002,0.238,23.0
sanchga01,Gaby,Sanchez,sancg001,0.238,23.0
everead01,Adam,Everett,evera001,0.238,390.0
redmomi01,Mike,Redmond,redmm001,0.237,147.0
kottage01,George,Kottaras,kottg001,0.237,107.0
hillko01,Koyie,Hill,hillk002,0.237,284.0
michaja01,Jason,Michaels,michj001,0.237,152.0
tracych01,Chad,Tracy,tracc001,0.237,288.0
greenni01,Nick,Green,green001,0.236,309.0
quinthu01,Humberto,Quintero,quinh001,0.236,168.0
mossbr01,Brandon,Moss,mossb001,0.236,424.0
quentca01,Carlos,Quentin,quenc001,0.236,399.0
fontemi01,Mike,Fontenot,fontm001,0.236,419.0
bautijo02,Jose,Bautista,bautj002,0.235,404.0
buschbr01,Brian,Buscher,buscb001,0.235,164.0
harriwi01,Willie,Harris,harrw001,0.235,393.0
blanche01,Henry,Blanco,blanh001,0.235,232.0
crowetr01,Trevor,Crowe,crowt001,0.235,202.0
blaloha01,Hank,Blalock,blalh001,0.234,495.0
balenwl01,Wladimir,Balentien,balew001,0.234,295.0
carrobr01,Brett,Carroll,carrb001,0.234,158.0
bardebr01,Brian,Barden,bardb001,0.233,114.0
saltaja01,Jarrod,Saltalamacchia,saltj001,0.233,310.0
martean01,Andy,Marte,marta004,0.232,175.0
tolbema01,Matt,Tolbert,tolbm001,0.232,231.0
gordoal01,Alex,Gordon,gorda001,0.232,189.0
loretma01,Mark,Loretta,lorem001,0.232,204.0
sheltch01,Chris,Shelton,shelc001,0.231,28.0
evansni01,Nick,Evans,evann001,0.231,69.0
marshse01,Sean,Marshall,marss002,0.231,15.0
weaveje01,Jeff,Weaver,weavj002,0.231,15.0
ankieri01,Rick,Ankiel,ankir001,0.231,404.0
cashke01,Kevin,Cash,cashk001,0.231,28.0
iribahe01,Hernan,Iribarren,iribh001,0.231,14.0
stavini01,Nick,Stavinoha,stavn001,0.23,91.0
gerutjo01,Jody,Gerut,geruj001,0.23,298.0
vazqura01,Ramon,Vazquez,vazqr001,0.23,239.0
ingebr01,Brandon,Inge,ingeb001,0.23,637.0
bardjo01,Josh,Bard,bardj001,0.23,301.0
gomezca01,Carlos,Gomez,gomec002,0.229,349.0
powella01,Landon,Powell,powel001,0.229,155.0
hardyjj01,J. J.,Hardy,hardj003,0.229,465.0
whiteel03,Eli,Whiteside,white004,0.228,134.0
iannech01,Chris,Iannetta,iannc001,0.228,350.0
stewaia01,Ian,Stewart,stewi001,0.228,491.0
jacobmi02,Mike,Jacobs,jacom001,0.228,478.0
rivermi02,Mike,Rivera,rivem003,0.228,132.0
crispco01,Coco,Crisp,crisc001,0.228,215.0
puntoni01,Nick,Punto,puntn001,0.228,440.0
penaca01,Carlos,Pena,penac001,0.227,570.0
grossga01,Gabe,Gross,grosg002,0.227,326.0
duncach01,Chris,Duncan,duncc002,0.227,304.0
bixlebr01,Brian,Bixler,bixlb001,0.227,46.0
tuiasma01,Matt,Tuiasosopo,tuiam001,0.227,25.0
petitgr01,Gregorio,Petit,petig001,0.226,31.0
scherma01,Max,Scherzer,schem001,0.226,61.0
atkinga01,Garrett,Atkins,atkig001,0.226,399.0
barajro01,Rod,Barajas,barar001,0.226,460.0
byrneer01,Eric,Byrnes,byrne001,0.226,258.0
credejo01,Joe,Crede,credj001,0.225,367.0
thursjo01,Joe,Thurston,thurj001,0.225,307.0
encared01,Edwin,Encarnacion,encae001,0.225,338.0
lairdge01,Gerald,Laird,lairg001,0.225,477.0
wisede01,Dewayne,Wise,wised001,0.225,153.0
costech01,Chris,Coste,costc001,0.224,230.0
nixja01,Jayson,Nix,nix-j001,0.224,290.0
johnske05,Kelly,Johnson,johnk003,0.224,346.0
bakopa01,Paul,Bako,bakop001,0.224,130.0
everito01,Tommy,Everidge,evert001,0.224,97.0
crosbbo01,Bobby,Crosby,crosb002,0.223,272.0
millake01,Kevin,Millar,millk005,0.223,283.0
bruceja01,Jay,Bruce,brucj001,0.223,387.0
greenty02,Tyler,Greene,greet004,0.222,116.0
andinro01,Robert,Andino,andir001,0.222,215.0
fieldjo02,Josh,Fields,fielj001,0.222,268.0
lowede01,Derek,Lowe,lowed001,0.222,70.0
myersbr01,Brett,Myers,myerb001,0.222,20.0
burrepa01,Pat,Burrell,burrp001,0.221,476.0
saundmi01,Michael,Saunders,saunm001,0.221,129.0
jimenub01,Ubaldo,Jimenez,jimeu001,0.22,77.0
bucktr01,Travis,Buck,buckt001,0.219,115.0
castrra01,Ramon,Castro,castr002,0.219,171.0
wilsojo03,Josh,Wilson,wilsj003,0.219,211.0
navardi01,Dioner,Navarro,navad001,0.218,410.0
langery01,Ryan,Langerhans,langr002,0.218,122.0
schnebr01,Brian,Schneider,schnb001,0.218,194.0
sotoge01,Geovany,Soto,sotog001,0.218,389.0
teagata01,Taylor,Teagarden,teagt001,0.217,218.0
zambrca01,Carlos,Zambrano,zambc001,0.217,72.0
molinjo01,Jose,Molina,molij001,0.217,155.0
amezaal01,Alfredo,Amezaga,ameza001,0.217,75.0
mooread01,Adam,Moore,moora001,0.217,24.0
lohseky01,Kyle,Lohse,lohsk001,0.216,45.0
larisje01,Jeff,Larish,larij001,0.216,90.0
gonzaed02,Edgar,Gonzalez,gonze003,0.216,169.0
monrocr01,Craig,Monroe,monrc001,0.215,87.0
woodwch01,Chris,Woodward,woodc001,0.215,90.0
griffke02,Ken,Griffey,grifk002,0.214,454.0
cruzlu01,Luis,Cruz,cruzl001,0.214,78.0
jonesan01,Andruw,Jones,jonea002,0.214,331.0
shoppke01,Kelly,Shoppach,shopk001,0.214,327.0
paulxa01,Xavier,Paul,paulx001,0.214,16.0
rosalad01,Adam,Rosales,rosaa001,0.213,266.0
aurilri01,Rich,Aurilia,aurir001,0.213,133.0
johnsro07,Rob,Johnson,johnr009,0.213,290.0
hannaja01,Jack,Hannahan,hannj001,0.213,301.0
willire03,Reggie,Willits,willr004,0.212,92.0
suttodr01,Drew,Sutton,suttd002,0.212,76.0
youngch04,Chris,Young,younc004,0.212,501.0
maybejo02,John,Mayberry,maybj001,0.211,60.0
mathije01,Jeff,Mathis,mathj001,0.211,272.0
janispa01,Paul,Janish,janip001,0.211,292.0
varitja01,Jason,Varitek,varij001,0.209,425.0
baileje01,Jeff,Bailey,bailj001,0.208,91.0
cedenro02,Ronny,Cedeno,ceder002,0.208,376.0
martish01,Shairon,Martis,marts001,0.208,27.0
burkech01,Chris,Burke,burkc001,0.207,89.0
perezfe01,Fernando,Perez,peref001,0.206,35.0
pearcst01,Steve,Pearce,pears001,0.206,186.0
hernalu01,Luis,Hernandez,hernl004,0.205,81.0
dewitbl01,Blake,DeWitt,dewib001,0.204,53.0
schafjo02,Jordan,Schafer,schaj002,0.204,195.0
conrabr01,Brooks,Conrad,conrb001,0.204,58.0
rodrilu01,Luis,Rodriguez,rodrl002,0.202,251.0
allenbr01,Brandon,Allen,alleb001,0.202,116.0
casilal01,Alexi,Casilla,casia001,0.202,256.0
hallbi03,Bill,Hall,hallb001,0.201,365.0
giambja01,Jason,Giambi,giamj001,0.201,359.0
adamsru01,Russ,Adams,adamr002,0.2,21.0
elbersc01,Scott,Elbert,elbes001,0.2,5.0
bergebr02,Brad,Bergesen,bergb002,0.2,7.0
gorecre01,Reid,Gorecki,gorer002,0.2,27.0
katama01,Matt,Kata,katam001,0.2,52.0
brownem01,Emil,Brown,browe001,0.2,6.0
greenkh01,Khalil,Greene,greek002,0.2,193.0
padilvi01,Vicente,Padilla,padiv001,0.2,17.0
bannibr01,Brian,Bannister,bannb001,0.2,5.0
dukeza01,Zach,Duke,dukez001,0.2,79.0
loopebr01,Braden,Looper,loopb001,0.2,73.0
pettian01,Andy,Pettitte,petta001,0.2,6.0
betemwi01,Wilson,Betemit,betew001,0.2,50.0
samarje01,Jeff,Samardzija,samaj001,0.2,6.0
manzeto01,Tommy,Manzella,manzt001,0.2,5.0
rodrise01,Sean,Rodriguez,rodrs002,0.2,29.0
snydech02,Chris,Snyder,snydc002,0.2,202.0
wilsobo02,Bobby,Wilson,wilsb002,0.2,6.0
duncash01,Shelley,Duncan,duncs001,0.2,15.0
beckejo02,Josh,Beckett,beckj002,0.2,5.0
burneaj01,A. J.,Burnett,burna001,0.2,5.0
maciadr01,Drew,Macias,macid001,0.197,90.0
woodbr01,Brandon,Wood,woodb003,0.195,46.0
kearnau01,Austin,Kearns,keara001,0.195,211.0
stammcr01,Craig,Stammen,stamc001,0.194,37.0
johnsjo09,Josh,Johnson,johnj009,0.194,77.0
bowkejo01,John,Bowker,bowkj001,0.194,73.0
erstada01,Darin,Erstad,erstd001,0.194,150.0
walkene01,Neil,Walker,walkn001,0.194,40.0
whitejo03,Josh,Whitesell,whitj002,0.194,133.0
stairma01,Matt,Stairs,staim001,0.194,129.0
freelry01,Ryan,Freel,freer001,0.193,101.0
gilesbr02,Brian,Giles,gileb002,0.191,253.0
wellsra01,Randy,Wells,wellr001,0.191,61.0
canizba01,Barbaro,Canizares,canib001,0.19,21.0
ransoco01,Cody,Ransom,ransc001,0.19,86.0
bourgja01,Jason,Bourgeois,bourj001,0.189,40.0
milleco01,Corky,Miller,millc001,0.189,111.0
norribu01,Bud,Norris,norrb001,0.188,18.0
towlejr01,J. R.,Towles,towlj001,0.188,53.0
joycema01,Matthew,Joyce,joycm001,0.188,37.0
flowety01,Tyler,Flowers,flowt001,0.188,20.0
harderi01,Rich,Harden,hardr001,0.186,48.0
blancgr01,Gregor,Blanco,blang001,0.186,48.0
milesaa01,Aaron,Miles,milea001,0.185,170.0
delluda01,David,Dellucci,delld001,0.185,74.0
leecl02,Cliff,Lee,lee-c003,0.184,41.0
montalu01,Luis,Montanez,montl001,0.183,91.0
avilemi01,Mike,Aviles,avilm001,0.183,127.0
jacksco01,Conor,Jackson,jackc002,0.182,110.0
hoffmja01,Jamie,Hoffmann,hoffj001,0.182,24.0
sammocl01,Clint,Sammons,sammc001,0.182,12.0
sandofr01,Freddy,Sandoval,sandf001,0.182,11.0
clarkto02,Tony,Clark,clart002,0.182,78.0
wainwad01,Adam,Wainwright,waina001,0.18,96.0
billich01,Chad,Billingsley,billc001,0.179,67.0
ortizru01,Russ,Ortiz,ortir001,0.179,31.0
lobatjo01,Jose,Lobaton,lobaj001,0.176,17.0
vazquja01,Javier,Vazquez,vazqj001,0.176,91.0
toregwy01,Wyatt,Toregas,torew001,0.176,60.0
colvity01,Tyler,Colvin,colvt001,0.176,20.0
martife02,Fernando,Martinez,martf002,0.176,100.0
carpech01,Chris,Carpenter,carpc002,0.175,69.0
alfonel01,Eliezer,Alfonzo,alfoe002,0.175,117.0
staufti01,Tim,Stauffer,staut001,0.174,27.0
snellia01,Ian,Snell,sneli001,0.174,27.0
gallayo01,Yovani,Gallardo,gally001,0.172,66.0
marquja01,Jason,Marquis,marqj001,0.172,75.0
glaustr01,Troy,Glaus,glaut001,0.172,32.0
quintom01,Omar,Quintanilla,quino001,0.172,69.0
brunter01,Eric,Bruntlett,brune001,0.171,118.0
downsma01,Matt,Downs,downm001,0.17,60.0
reddijo01,Josh,Reddick,reddj001,0.169,62.0
turneju01,Justin,Turner,turnj001,0.167,22.0
martira03,Ramon,Martinez,martr003,0.167,44.0
greinza01,Zack,Greinke,greiz001,0.167,6.0
schmija01,Jason,Schmidt,schmj001,0.167,7.0
guzmafr01,Freddy,Guzman,guzmf001,0.167,7.0
geerjo01,Josh,Geer,geerj001,0.167,31.0
barremi01,Michael,Barrett,barrm003,0.167,19.0
santajo01,Johan,Santana,santj003,0.167,57.0
carlilu01,Luke,Carlin,carll001,0.167,21.0
palmema01,Matt,Palmer,palmm001,0.167,7.0
tatumcr01,Craig,Tatum,tatuc001,0.162,77.0
wolfra02,Randy,Wolf,wolfr001,0.162,81.0
hartke01,Kevin,Hart,hartk001,0.16,29.0
martijd01,J. D.,Martin,martj005,0.16,28.0
davisdo02,Doug,Davis,david002,0.159,69.0
lillibr01,Brent,Lillibridge,lillb001,0.158,112.0
rohliry01,Ryan,Rohlinger,rohlr001,0.158,20.0
lannajo01,John,Lannan,lannj001,0.155,65.0
ryandu01,Dusty,Ryan,ryand001,0.154,30.0
linceti01,Tim,Lincecum,linct001,0.152,86.0
cunniaa01,Aaron,Cunningham,cunna001,0.151,57.0
cainma01,Matt,Cain,cainm001,0.15,73.0
haranaa01,Aaron,Harang,haraa001,0.149,54.0
hamelco01,Cole,Hamels,hamec001,0.148,69.0
hernali01,Livan,Hernandez,hernl003,0.148,67.0
mainejo01,John,Maine,mainj001,0.148,29.0
zimmejo02,Jordan,Zimmermann,zimmj003,0.148,34.0
lowrije01,Jed,Lowrie,lowrj001,0.147,76.0
correke01,Kevin,Correia,corrk001,0.145,68.0
nortogr01,Greg,Norton,nortg001,0.145,97.0
gimench01,Chris,Gimenez,gimec001,0.144,130.0
suppaje01,Jeff,Suppan,suppj001,0.143,56.0
romerni01,Niuman,Romero,romen001,0.143,15.0
riggash01,Shawn,Riggans,riggs001,0.143,14.0
durbich01,Chad,Durbin,durbc001,0.143,7.0
berroan01,Angel,Berroa,berra001,0.143,55.0
mulveke01,Kevin,Mulvey,mulvk001,0.143,7.0
parkch01,Chan Ho,Park,parkc002,0.143,18.0
kurodhi01,Hiroki,Kuroda,kuroh001,0.143,39.0
gorzeto01,Tom,Gorzelanny,gorzt001,0.143,16.0
hernadi01,Diory,Hernandez,hernd001,0.141,93.0
nolasri01,Ricky,Nolasco,nolar001,0.14,62.0
frandke01,Kevin,Frandsen,frank001,0.14,54.0
figuene01,Nelson,Figueroa,figun001,0.136,25.0
pineijo01,Joel,Pineiro,pinej001,0.136,79.0
olsensc01,Scott,Olsen,olses001,0.133,22.0
parrama01,Manny,Parra,parrm001,0.133,54.0
cuetojo01,Johnny,Cueto,cuetj001,0.13,59.0
graffto01,Tony,Graffanino,graft001,0.13,24.0
mortoch02,Charlie,Morton,mortc002,0.129,33.0
volstch01,Chris,Volstad,volsc001,0.128,54.0
welleto01,Todd,Wellemeyer,wellt002,0.128,45.0
blantjo01,Joe,Blanton,blanj001,0.127,69.0
rodriwa01,Wandy,Rodriguez,rodrw002,0.127,70.0
floydcl01,Cliff,Floyd,floyc001,0.125,17.0
niesejo01,Jonathon,Niese,niesj001,0.125,9.0
lackejo01,John,Lackey,lackj001,0.125,9.0
narvech01,Chris,Narveson,narvc001,0.125,9.0
dempsry01,Ryan,Dempster,dempr002,0.125,75.0
hillri01,Rich,Hill,hillr001,0.125,8.0
parnebo01,Bobby,Parnell,parnb001,0.125,12.0
duffych01,Chris,Duffy,duffc001,0.125,37.0
balesco01,Collin,Balester,balec001,0.125,11.0
jurrjja01,Jair,Jurrjens,jurrj001,0.123,80.0
delarjo01,Jorge,De La Rosa,delaj001,0.123,63.0
oswalro01,Roy,Oswalt,oswar001,0.122,66.0
padiljo01,Jorge,Padilla,padij002,0.12,26.0
moyerja01,Jamie,Moyer,moyej001,0.119,59.0
poseybu01,Buster,Posey,poseb001,0.118,17.0
zitoba01,Barry,Zito,zitob001,0.118,67.0
bushda01,Dave,Bush,bushd001,0.118,40.0
gentrcr01,Craig,Gentry,gentc001,0.118,19.0
reyesar01,Argenis,Reyes,reyea003,0.118,18.0
burkeja02,Jamie,Burke,burkj003,0.118,56.0
cookaa01,Aaron,Cook,cooka002,0.114,58.0
arroybr01,Bronson,Arroyo,arrob001,0.113,76.0
hulettu01,Tug,Hulett,hulet002,0.111,19.0
reyesjo03,Jo-Jo,Reyes,reyej003,0.111,11.0
foggjo01,Josh,Fogg,foggj001,0.111,12.0
hammeja01,Jason,Hammel,hammj002,0.109,60.0
pennybr01,Brad,Penny,pennb002,0.105,21.0
richach01,Chris,Richard,richc001,0.105,23.0
kershcl01,Clayton,Kershaw,kersc001,0.104,59.0
patteco01,Corey,Patterson,pattc001,0.103,30.0
sadowry01,Ryan,Sadowski,sador001,0.1,12.0
ellisaj01,A. J.,Ellis,ellia001,0.1,10.0
chaveer01,Eric,Chavez,chave001,0.1,31.0
penato02,Tony,Pena,penat002,0.098,53.0
kawakke01,Kenshin,Kawakami,kawak001,0.098,49.0
sardida01,Dane,Sardinha,sardd001,0.097,34.0
pelfrmi01,Mike,Pelfrey,pelfm001,0.096,61.0
happja01,J. A.,Happ,happj001,0.093,51.0
villaca01,Carlos,Villanueva,villc001,0.091,13.0
wellski01,Kip,Wells,wellk001,0.091,17.0
lehrju01,Justin,Lehr,lehrj001,0.091,28.0
johnsch05,Chris,Johnson,johnc003,0.091,23.0
mccutda01,Daniel,McCutchen,mccud001,0.091,12.0
lillyte01,Ted,Lilly,lillt001,0.088,64.0
richacl01,Clayton,Richard,richc002,0.087,27.0
peavyja01,Jake,Peavy,peavj001,0.087,28.0
mockga01,Garrett,Mock,mockg001,0.087,26.0
garlajo01,Jon,Garland,garlj001,0.086,75.0
thompbr01,Brad,Thompson,thomb002,0.083,14.0
owensje01,Jerry,Owens,owenj002,0.083,15.0
gonzaan01,Andy,Gonzalez,gonza004,0.083,12.0
millean01,Andrew,Miller,milla002,0.083,26.0
baileho02,Homer,Bailey,bailh001,0.079,43.0
johnsra05,Randy,Johnson,johnr005,0.077,28.0
burnsmi01,Mike,Burns,burnm001,0.077,18.0
cintral01,Alex,Cintron,cinta001,0.077,28.0
leblawa01,Wade,LeBlanc,leblw001,0.077,17.0
sanchjo01,Jonathan,Sanchez,sancj002,0.073,54.0
martipe02,Pedro,Martinez,martp001,0.071,16.0
boggsmi01,Mitchell,Boggs,boggm001,0.071,17.0
maholpa01,Paul,Maholm,mahop002,0.069,67.0
redditi01,Tim,Redding,reddt001,0.069,32.0
ohlenro01,Ross,Ohlendorf,ohler001,0.068,64.0
stulter01,Eric,Stults,stule002,0.067,21.0
smoltjo01,John,Smoltz,smolj001,0.067,16.0
westse01,Sean,West,wests001,0.065,35.0
volqued01,Edinson,Volquez,volqe001,0.063,19.0
boggsbr01,Brandon,Boggs,boggb001,0.059,18.0
hansoto01,Tommy,Hanson,hanst001,0.054,46.0
detwiro01,Ross,Detwiler,detwr001,0.053,19.0
latosma01,Mat,Latos,latom001,0.053,21.0
karstje01,Jeff,Karstens,karsj001,0.045,26.0
salazje01,Jeff,Salazar,salaj002,0.043,26.0
paulife01,Felipe,Paulino,paulf001,0.04,28.0
petityu01,Yusmeiro,Petit,petiy001,0.037,28.0
gaudich01,Chad,Gaudin,gaudc001,0.036,30.0
moehlbr01,Brian,Moehler,moehb001,0.024,47.0
ueharko01,Koji,Uehara,uehak001,0.0,3.0
anderbr04,Brett,Anderson,andeb004,0.0,3.0
troncra01,Ramon,Troncoso,tronr001,0.0,6.0
treanma01,Matt,Treanor,tream001,0.0,14.0
hochelu01,Luke,Hochevar,hochl001,0.0,5.0
chambjo03,Joba,Chamberlain,chamj002,0.0,3.0
hernafe02,Felix,Hernandez,hernf002,0.0,7.0
hinckmi01,Mike,Hinckley,hincm001,0.0,1.0
coffeto01,Todd,Coffey,cofft001,0.0,6.0
tavarju01,Julian,Tavarez,tavaj001,0.0,1.0
hillsh01,Shawn,Hill,hills003,0.0,4.0
thayeda01,Dale,Thayer,thayd001,0.0,1.0
clippty01,Tyler,Clippard,clipt001,0.0,7.0
anderma02,Marlon,Anderson,andem003,0.0,4.0
belisro01,Ronald,Belisario,belir001,0.0,4.0
cokeph01,Phil,Coke,cokep001,0.0,1.0
cecilbr01,Brett,Cecil,cecib001,0.0,2.0
marticr01,Cristhian,Martinez,martc005,0.0,2.0
masseni01,Nick,Masset,massn001,0.0,1.0
herreda01,Danny,Herrera,herrd001,0.0,4.0
tomkobr01,Brett,Tomko,tomkb001,0.0,1.0
torreca01,Carlos,Torres,torrc001,0.0,3.0
belisma01,Matt,Belisle,belim001,0.0,4.0
taylogr01,Graham,Taylor,taylg001,0.0,5.0
chaveje01,Jesse,Chavez,chavj001,0.0,1.0
matsuda01,Daisuke,Matsuzaka,matsd001,0.0,2.0
buddery01,Ryan,Budde,buddr001,0.0,3.0
carrice01,Cesar,Carrillo,carrc002,0.0,3.0
hollade01,Derek,Holland,holld003,0.0,6.0
weaveje02,Jered,Weaver,weavj003,0.0,5.0
carpean01,Drew,Carpenter,carpa001,0.0,3.0
aceveal01,Alfredo,Aceves,aceva001,0.0,2.0
carlybu01,Buddy,Carlyle,carlb001,0.0,2.0
bergmja01,Jason,Bergmann,bergj001,0.0,3.0
carides01,Esmailin,Caridad,carie001,0.0,2.0
jacksed01,Edwin,Jackson,jacke001,0.0,4.0
willido03,Dontrelle,Willis,willd003,0.0,1.0
jacksst01,Steven,Jackson,jacks001,0.0,1.0
koronjo01,John,Koronka,koroj001,0.0,2.0
jakubch01,Chris,Jakubauskas,jakuc001,0.0,2.0
wilsobr01,Brian,Wilson,wilsb001,0.0,2.0
cancero01,Robinson,Cancel,cancr001,0.0,1.0
kinnejo01,Josh,Kinney,kinnj001,0.0,1.0
burnese01,Sean,Burnett,burns001,0.0,2.0
cabreda01,Daniel,Cabrera,cabrd001,0.0,17.0
kensilo01,Logan,Kensing,kensl001,0.0,2.0
janssca01,Casey,Janssen,jansc001,0.0,2.0
alberma01,Matt,Albers,albem001,0.0,1.0
jennija01,Jason,Jennings,jennj001,0.0,1.0
berkeja01,Jason,Berken,berkj001,0.0,1.0
acostma01,Manny,Acosta,acosm001,0.0,2.0
webbbr01,Brandon,Webb,webbb001,0.0,2.0
juliojo01,Jorge,Julio,julij001,0.0,1.0
bumgama01,Madison,Bumgarner,bumgm001,0.0,2.0
washbja01,Jarrod,Washburn,washj001,0.0,3.0
lopezwi01,Wilton,Lopez,lopew001,0.0,5.0
lopezro01,Rodrigo,Lopez,loper001,0.0,9.0
howrybo01,Bob,Howry,howrb001,0.0,3.0
vanderi01,Rick,van den Hurk,vandr001,0.0,22.0
blackni01,Nick,Blackburn,blacn001,0.0,4.0
cartech01,Chris,Carter,cartc001,0.0,6.0
liriafr01,Francisco,Liriano,lirif001,0.0,6.0
vasquvi01,Virgil,Vasquez,vasqv001,0.0,11.0
burtoja01,Jared,Burton,burtj001,0.0,1.0
huffda01,David,Huff,huffd001,0.0,4.0
lincomi01,Mike,Lincoln,lincm001,0.0,2.0
velazgi01,Gil,Velazquez,velag002,0.0,3.0
verlaju01,Justin,Verlander,verlj001,0.0,4.0
lewisje01,Jensen,Lewis,lewij003,0.0,1.0
byrdati01,Tim,Byrdak,byrdt001,0.0,3.0
wadeco01,Cory,Wade,wadec001,0.0,2.0
lestejo01,Jon,Lester,lestj001,0.0,5.0
taschja01,Jack,Taschner,tascj001,0.0,2.0
benneje01,Jeff,Bennett,bennj002,0.0,2.0
waltepj01,P. J.,Walters,waltp001,0.0,5.0
wangch01,Chien-Ming,Wang,wangc001,0.0,4.0
contrjo01,Jose,Contreras,contj002,0.0,10.0
penato03,Tony,Pena,penat003,0.0,1.0
tallebr01,Brian,Tallet,tallb001,0.0,2.0
moylape01,Peter,Moylan,moylp001,0.0,3.0
reyesan01,Anthony,Reyes,reyea002,0.0,1.0
okajihi01,Hideki,Okajima,okajh001,0.0,1.0
rhodear01,Arthur,Rhodes,rhoda001,0.0,1.0
boyerbl01,Blaine,Boyer,boyeb001,0.0,4.0
richmsc01,Scott,Richmond,richs001,0.0,6.0
ohkato01,Tomo,Ohka,ohkat001,0.0,2.0
rincoju01,Juan,Rincon,rincj001,0.0,1.0
oflaher01,Eric,O'Flaherty,oflae001,0.0,1.0
bradeda01,Dallas,Braden,bradd002,0.0,4.0
riverma01,Mariano,Rivera,rivem002,0.0,2.0
grabojo02,John,Grabow,grabj002,0.0,2.0
ekstrmi01,Mike,Ekstrom,ekstm001,0.0,2.0
greense01,Sean,Green,grees004,0.0,1.0
rodrigu01,Guillermo,Rodriguez,rodrg001,0.0,7.0
niemaje01,Jeff,Niemann,niemj001,0.0,6.0
nelsobr02,Brad,Nelson,nelsb002,0.0,23.0
rogeres01,Esmil,Rogers,rogee002,0.0,1.0
gregelu01,Luke,Gregerson,gregl001,0.0,2.0
grillja01,Jason,Grilli,grilj001,0.0,2.0
munsoer01,Eric,Munson,munse001,0.0,1.0
romerri01,Ricky,Romero,romer002,0.0,6.0
romose01,Sergio,Romo,romos001,0.0,1.0
rosalle01,Leo,Rosales,rosal001,0.0,3.0
repkoja01,Jason,Repko,repkj001,0.0,7.0
feldmsc01,Scott,Feldman,felds001,0.0,8.0
olsonga01,Garrett,Olson,olsog003,0.0,4.0
golsogr01,Greg,Golson,golsg001,0.0,1.0
perdolu01,Luis,Perdomo,perdl001,0.0,6.0
banksjo01,Josh,Banks,bankj001,0.0,6.0
perezra01,Rafael,Perez,perer002,0.0,1.0
perkigl01,Glen,Perkins,perkg001,0.0,3.0
pavanca01,Carl,Pavano,pavac001,0.0,2.0
garzama01,Matt,Garza,garzm001,0.0,2.0
galarar01,Armando,Galarraga,galaa002,0.0,1.0
pintore01,Renyel,Pinto,pintr001,0.0,1.0
parrja01,James,Parr,parrj004,0.0,1.0
bakersc02,Scott,Baker,bakes002,0.0,6.0
booneaa01,Aaron,Boone,boona001,0.0,14.0
figaral01,Alfredo,Figaro,figaa001,0.0,2.0
pagnoma01,Matt,Pagnozzi,pagnm001,0.0,5.0
quallch01,Chad,Qualls,qualc001,0.0,2.0
floydga01,Gavin,Floyd,floyg001,0.0,3.0
bootcch01,Chris,Bootcheck,bootc001,0.0,2.0
fisheca01,Carlos,Fisher,fishc001,0.0,1.0
badenbu01,Burke,Badenhop,badeb001,0.0,13.0
ramirra02,Ramon,Ramirez,ramir003,0.0,1.0
backebr01,Brandon,Backe,backb001,0.0,2.0
ramosce01,Cesar,Ramos,ramoc001,0.0,4.0
outmajo01,Josh,Outman,outmj001,0.0,2.0
downssc01,Scott,Downs,downs001,0.0,1.0
dlugabr01,Brent,Dlugach,dlugb001,0.0,3.0
takahke01,Ken,Takahashi,takak001,0.0,2.0
dillati01,Tim,Dillard,dillt001,0.0,1.0
ariasjo01,Joaquin,Arias,ariaj001,0.0,9.0
danksjo01,John,Danks,dankj001,0.0,3.0
sloweke01,Kevin,Slowey,slowk001,0.0,4.0
smithja05,Jason,Smith,smitj001,0.0,27.0
ariasal02,Alberto,Arias,ariaa002,0.0,2.0
millsbr02,Brad,Mills,millb001,0.0,1.0
hanrajo01,Joel,Hanrahan,hanrj001,0.0,1.0
milleju01,Justin,Miller,millj002,0.0,3.0
bazaryo01,Yorman,Bazardo,bazay001,0.0,10.0
sowerje01,Jeremy,Sowers,sowej001,0.0,2.0
meyerda02,Dan,Meyer,meyed002,0.0,2.0
medlekr01,Kris,Medlen,medlk001,0.0,13.0
meddebr01,Brandon,Medders,meddb001,0.0,2.0
stanscr01,Craig,Stansberry,stanc001,0.0,1.0
mechegi01,Gil,Meche,mechg001,0.0,2.0
mcdonja03,James,McDonald,mcdoj004,0.0,10.0
mccoymi01,Mike,McCoy,mccom001,0.0,6.0
mccluse01,Seth,McClung,mccls002,0.0,7.0
mccleky01,Kyle,McClellan,mcclk001,0.0,3.0
mccarbr01,Brandon,McCarthy,mccab001,0.0,4.0
harrima01,Matt,Harrison,harrm001,0.0,2.0
swarzan01,Anthony,Swarzak,swara001,0.0,2.0
heilmaa01,Aaron,Heilman,heila001,0.0,1.0
millwke01,Kevin,Millwood,millk004,0.0,2.0
shielja02,James,Shields,shiej002,0.0,5.0
miltoer01,Eric,Milton,milte001,0.0,11.0
sanchbr01,Brian,Sanches,sancb001,0.0,5.0
augenbr01,Bryan,Augenstein,augeb001,0.0,4.0
russead01,Adam,Russell,russa001,0.0,1.0
difelma01,Mark,DiFelice,difem002,0.0,1.0
motteja01,Jason,Motte,mottj001,0.0,1.0
sadlebi01,Billy,Sadler,sadlb001,0.0,1.0
denorch01,Chris,Denorfia,denoc001,0.0,2.0
guthrje01,Jeremy,Guthrie,guthj001,0.0,2.0
mortecl01,Clayton,Mortensen,mortc003,0.0,1.0
sampsch01,Chris,Sampson,sampc001,0.0,2.0
sanchan01,Anibal,Sanchez,sanca004,0.0,31.0
guzmaan01,Angel,Guzman,guzma001,0.0,3.0
minerza01,Zach,Miner,minez001,0.0,1.0
morrobr01,Brandon,Morrow,morrb001,0.0,2.0
ascanjo01,Jose,Ascanio,ascaj001,0.0,2.0
haegech01,Charlie,Haeger,haegc001,0.0,5.0
hallaro01,Roy,Halladay,hallr001,0.0,2.0
bassbr01,Brian,Bass,bassb001,0.0,1.0
bastaan01,Antonio,Bastardo,basta001,0.0,7.0
batismi01,Miguel,Batista,batim001,0.0,1.0
broxtjo01,Jonathan,Broxton,broxj001,0.0,1.0
mischpa01,Pat,Misch,miscp001,0.0,17.0
davieky01,Kyle,Davies,davik002,0.0,2.0
smithch07,Chris,Smith,smitc002,0.0,3.0
aardsda01,David,Aardsma,aardd001,,0.0
abreuwi01,Winston,Abreu,abrew001,,0.0
accarje01,Jeremy,Accardo,accaj001,,0.0
adamsmi03,Mike,Adams,adamm001,,0.0
albaljo01,Jonathan,Albaladejo,albaj001,,0.0
aquingr01,Greg,Aquino,aquig001,,0.0
arredjo01,Jose,Arredondo,arrej001,,0.0
atkinmi01,Mitch,Atkins,atkim001,,0.0
axforjo01,John,Axford,axfoj001,,0.0
ayalalu01,Luis,Ayala,ayall001,,1.0
bailean01,Andrew,Bailey,baila001,,0.0
balejo01,John,Bale,balej001,,0.0
balfogr01,Grant,Balfour,balfg001,,0.0
bardda01,Daniel,Bard,bardd001,,0.0
bartobr01,Brian,Barton,bartb001,,0.0
bautide01,Denny,Bautista,bautd002,,0.0
beimejo01,Joe,Beimel,beimj001,,0.0
bellhe01,Heath,Bell,bellh001,,1.0
bergju01,Justin,Berg,bergj002,,0.0
betanra01,Rafael,Betancourt,betar001,,0.0
breslcr01,Craig,Breslow,bresc001,,0.0
broadla01,Lance,Broadway,broal001,,0.0
brocado01,Doug,Brocail,brocd001,,0.0
brunebr01,Brian,Bruney,brunb001,,0.0
buchhcl01,Clay,Buchholz,buchc001,,0.0
bulgeja01,Jason,Bulger,bulgj001,,0.0
burkegr01,Greg,Burke,burkg001,,0.0
butlejo03,Josh,Butler,butlj001,,0.0
calerki01,Kiko,Calero,calek001,,0.0
campijo01,Jorge,Campillo,campj002,,0.0
campsh01,Shawn,Camp,camps002,,0.0
cappsma01,Matt,Capps,cappm001,,0.0
carlsje01,Jesse,Carlson,carlj001,,0.0
carradj01,D. J.,Carrasco,carrd001,,0.0
chacijh01,Jhoulys,Chacin,chacj001,,0.0
choatra01,Randy,Choate,choar001,,0.0
claggan01,Anthony,Claggett,claga001,,0.0
colomje01,Jesus,Colome,coloj001,,0.0
colonro01,Roman,Colon,color001,,0.0
condrcl01,Clay,Condrey,condc001,,0.0
corcoro01,Roy,Corcoran,corcr001,,0.0
cordefr01,Francisco,Cordero,cordf002,,0.0
cormila01,Lance,Cormier,corml001,,0.0
corpama01,Manny,Corpas,corpm001,,0.0
cottsne01,Neal,Cotts,cottn001,,0.0
crainje01,Jesse,Crain,craij001,,0.0
cruzju02,Juan,Cruz,cruzj005,,0.0
daleyma01,Matt,Daley,dalem002,,0.0
delaceu01,Frankie,De La Cruz,delae001,,0.0
delcama01,Manny,Delcarmen,delcm001,,0.0
desseel01,Elmer,Dessens,desse001,,0.0
dickera01,R. A.,Dickey,dickr001,,0.0
dolsifr01,Freddy,Dolsi,dolsf001,,0.0
donnebr01,Brendan,Donnelly,donnb001,,0.0
doteloc01,Octavio,Dotel,doteo001,,0.0
dumatph01,Phil,Dumatrait,dumap001,,0.0
eatonad01,Adam,Eaton,eatoa001,,1.0
embreal01,Alan,Embree,embra001,,0.0
escalse01,Sergio,Escalona,escas001,,0.0
estrama01,Marco,Estrada,estrm001,,2.0
eyresc01,Scott,Eyre,eyres001,,0.0
farnsky01,Kyle,Farnsworth,farnk001,,0.0
felicpe01,Pedro,Feliciano,felip002,,1.0
florera01,Randy,Flores,florr001,,0.0
fossuca01,Casey,Fossum,fossc001,,0.0
foxch02,Chad,Fox,fox-c001,,0.0
francfr01,Frank,Francisco,franf001,,0.0
frankry01,Ryan,Franklin,franr001,,0.0
frasoja01,Jason,Frasor,frasj002,,0.0
frierer01,Ernesto,Frieri,friee001,,0.0
fuentbr01,Brian,Fuentes,fuenb001,,0.0
gallase01,Sean,Gallagher,galls001,,0.0
garatvi01,Victor,Garate,garav001,,0.0
garcija01,Santiago,Casilla,garcj002,,0.0
gearyge01,Geoff,Geary,gearg001,,0.0
gervasa01,Samuel,Gervacio,gervs001,,0.0
gobblji01,Jimmy,Gobble,gobbj001,,0.0
gonzami02,Mike,Gonzalez,gonzm001,,0.0
gordoto01,Tom,Gordon,gordt001,,0.0
goslimi01,Mike,Gosling,goslm001,,0.0
greggke01,Kevin,Gregg,gregk001,,0.0
guarded01,Eddie,Guardado,guare001,,0.0
guerrma02,Matt,Guerrier,guerm001,,0.0
gutieju01,J. C.,Gutierrez,gutij002,,0.0
hackeer01,Eric,Hacker,hacke001,,0.0
hansecr01,Craig,Hansen,hansc001,,0.0
hawkila01,LaTroy,Hawkins,hawkl001,,0.0
hawksbl01,Blake,Hawksworth,hawkb001,,0.0
hayhudi01,Dirk,Hayhurst,hayhd001,,0.0
hendrma01,Mark,Hendrickson,hendm001,,0.0
hennse01,Sean,Henn,henns001,,0.0
hergema01,Matt,Herges,hergm001,,0.0
hinshal01,Alex,Hinshaw,hinsa001,,0.0
hoffmtr01,Trevor,Hoffman,hofft001,,0.0
howeljp01,J. P.,Howell,howej003,,0.0
hugheph01,Phil,Hughes,hughp001,,0.0
isrinja01,Jason,Isringhausen,isrij001,,0.0
jenksbo01,Bobby,Jenks,jenkb001,,0.0
jepseke01,Kevin,Jepsen,jepsk001,,0.0
joaquwa01,Waldis,Joaquin,joaqw001,,0.0
johnsji04,Jim,Johnson,johnj010,,0.0
keppebo01,Bobby,Keppel,keppb001,,1.0
korecbo01,Bobby,Korecky,koreb001,,0.0
kuoho01,Hung-Chih,Kuo,kuo-h001,,0.0
laffeaa01,Aaron,Laffey,laffa001,,0.0
leachbr01,Brent,Leach,leacb001,,0.0
leagubr01,Brandon,League,leagb001,,0.0
ledezwi01,Wil,Ledezma,ledew001,,0.0
lerouch01,Chris,Leroux,leroc001,,0.0
lidgebr01,Brad,Lidge,lidgb001,,0.0
lindsma01,Matt,Lindstrom,lindm001,,0.0
linebsc01,Scott,Linebrink,lines001,,0.0
loganbo02,Boone,Logan,logab001,,0.0
lopezar02,Arturo,Lopez,lopea004,,0.0
lopezja02,Javier,Lopez,lopej002,,0.0
lowema01,Mark,Lowe,lowem002,,0.0
lyonbr01,Brandon,Lyon,lyonb003,,0.0
macdomi01,Mike,MacDougal,macdm001,,0.0
madsory01,Ryan,Madson,madsr001,,0.0
mahayro01,Ron,Mahay,mahar001,,0.0
manuero01,Robert,Manuel,manur001,,0.0
marmoca01,Carlos,Marmol,marmc001,,0.0
martica03,Carlos,Martinez,martc004,,0.0
masteju01,Justin,Masterson,mastj001,,0.0
mathido01,Doug,Mathis,mathd001,,0.0
mazzavi01,Vin,Mazzaro,mazzv001,,4.0
meekev01,Evan,Meek,meeke001,,0.0
melanma01,Mark,Melancon,melam001,,0.0
meredcl01,Cla,Meredith,merec001,,0.0
mickoka01,Kameron,Mickolio,mickk001,,0.0
mijarjo01,Jose,Mijares,mijaj001,,0.0
milletr02,Trever,Miller,millt002,,0.0
morened01,Edwin,Moreno,moree001,,0.0
nathajo01,Joe,Nathan,nathj001,,0.0
nelsojo01,Joe,Nelson,nelsj002,,0.0
nunezle01,Juan Carlos,Oviedo,nunel001,,0.0
nunezvl01,Vladimir,Nunez,nunev001,,0.0
odayda01,Darren,O'Day,odayd001,,0.0
oliveda02,Darren,Oliver,olivd001,,0.0
papeljo01,Jonathan,Papelbon,papej001,,0.0
paronch01,Chad,Paronto,paroc001,,0.0
pattoda01,David,Patton,pattd002,,0.0
pennha01,Hayden,Penn,pennh001,,2.0
peraljo01,Joel,Peralta,peraj002,,0.0
percitr01,Troy,Percival,perct001,,0.0
perezch01,Chris,Perez,perec002,,0.0
perryry01,Ryan,Perry,perrr001,,0.0
poredaa01,Aaron,Poreda,porea001,,0.0
pridija01,Jason,Pridie,pridj001,,0.0
putzjj01,J. J.,Putz,putzj001,,0.0
ramirho01,Horacio,Ramirez,ramih002,,0.0
ramirra03,Ramon,Ramirez,ramir004,,1.0
rauchjo01,Jon,Rauch,raucj001,,0.0
raych01,Chris,Ray,ray-c001,,0.0
regisst01,Steven,Register,regis001,,0.0
reyesde01,Dennys,Reyes,reyed001,,0.0
riskeda01,David,Riske,riskd001,,0.0
roberda08,David,Robertson,robed002,,0.0
roberna01,Nate,Robertson,roben001,,0.0
rodnefe01,Fernando,Rodney,rodnf001,,0.0
rodrifr03,Francisco,Rodriguez,rodrf003,,0.0
roenijo01,Josh,Roenicke,roenj001,,0.0
romerjc01,J. C.,Romero,romej001,,0.0
runzlda01,Dan,Runzler,runzd001,,0.0
ryanbj01,B. J.,Ryan,ryanb001,,0.0
saitota01,Takashi,Saito,saitt001,,0.0
sanchdu01,Duaner,Sanchez,sancd001,,0.0
schleda01,Daniel,Schlereth,schld001,,0.0
schlitr01,Travis,Schlichting,schlt001,,0.0
schoesc01,Scott,Schoeneweis,schos001,,0.0
seaybo01,Bobby,Seay,seayb001,,0.0
segovza01,Zack,Segovia,segoz001,,0.0
shellst01,Steven,Shell,shels002,,0.0
sherrge01,George,Sherrill,sherg001,,0.0
shielsc01,Scot,Shields,shies002,,0.0
shousbr01,Brian,Shouse,shoub001,,0.0
sippto01,Tony,Sipp,sippt001,,0.0
slatedo01,Doug,Slaten,slatd001,,0.0
smithjo05,Joe,Smith,smitj002,,0.0
soriajo01,Joakim,Soria,sorij001,,0.0
soriara01,Rafael,Soriano,sorir001,,0.0
sosajo02,Jorge,Sosa,sosaj002,,1.0
speieju01,Justin,Speier,speij001,,0.0
speiery01,Ryan,Speier,speir001,,0.0
sprinru01,Russ,Springer,sprir001,,0.0
stettmi01,Mitch,Stetter,stetm001,,0.0
steveje01,Jeff,Stevens,stevj001,,0.0
stokebr01,Brian,Stokes,stokb001,,1.0
stoneto01,Tobi,Stoner,stont001,,0.0
streehu01,Huston,Street,streh001,,0.0
swindrj01,R. J.,Swindle,swinr001,,0.0
switzjo01,Jon,Switzer,switj001,,0.0
thatcjo01,Joe,Thatcher,thatj001,,0.0
thornma01,Matt,Thornton,thorm001,,0.0
toddje01,Jess,Todd,toddj001,,0.0
valdelu01,Jairo,Asencio,valdl001,,0.0
valdeme01,Merkin,Valdez,valdm003,,0.0
valvejo01,Jose,Valverde,valvj001,,0.0
vargacl01,Claudio,Vargas,vargc001,,0.0
vasques01,Esmerling,Vasquez,vasqe001,,0.0
vealdo01,Donnie,Veal,veald001,,1.0
villoro01,Ron,Villone,villr001,,0.0
violape01,Pedro,Viola,violp001,,0.0
vizcalu01,Luis,Vizcaino,vizcl001,,0.0
waddeja01,Jason,Waddell,waddj001,,0.0
wagnebi02,Billy,Wagner,wagnb001,,0.0
walkeja01,Jamie,Walker,walkj001,,0.0
walkety01,Tyler,Walker,walkt003,,1.0
weathda01,David,Weathers,weatd001,,1.0
webbry01,Ryan,Webb,webbr001,,0.0
wheelda01,Dan,Wheeler,wheed001,,0.0
whitese02,Sean,White,whits002,,0.0
wilsocj01,C. J.,Wilson,wilsc004,,0.0
wolfebr01,Brian,Wolfe,wolfb001,,0.0
woodke02,Kerry,Wood,woodk002,,0.0
wrighja01,Jamey,Wright,wrigj001,,0.0
wuertmi01,Michael,Wuertz,wuerm001,,0.0
yatesty01,Tyler,Yates,yatet001,,0.0
zavadcl01,Clay,Zavada,zavac002,,1.0
zieglbr01,Brad,Ziegler,ziegb001,,0.0
zumayjo01,Joel,Zumaya,zumaj001,,0.0
