lahmanID,FirstName,LastName,RetrosheetID,batAve2000Sorted,PA
sandean01,Anthony,Sanders,sanda001,1.0,1.0
nadyxa01,Xavier,Nady,nadyx001,1.0,1.0
linebsc01,Scott,Linebrink,lines001,1.0,1.0
tucketj01,T. J.,Tucker,tuckt001,1.0,1.0
ramirhe01,Hector,Ramirez,ramih001,1.0,1.0
bruneju01,Justin,Brunette,brunj001,1.0,1.0
cammaer01,Eric,Cammack,camme001,1.0,1.0
juddmi01,Mike,Judd,juddm001,1.0,2.0
yanes01,Esteban,Yan,yan-e001,1.0,2.0
olivaom01,Omar,Olivares,olivo001,1.0,1.0
padilvi01,Vicente,Padilla,padiv001,1.0,1.0
stantmi02,Mike,Stanton,stanm003,1.0,1.0
leshebr01,Brian,Lesher,leshb001,0.8,6.0
mantoje01,Jeff,Manto,mantj001,0.8,7.0
nortoph01,Phil,Norton,nortp001,0.667,4.0
garcifr02,Freddy,Garcia,garcf002,0.667,6.0
powelje01,Jeremy,Powell,powej002,0.6,5.0
wootesh01,Shawn,Wooten,woots001,0.556,9.0
bergmse01,Sean,Bergman,bergs001,0.5,2.0
mahayro01,Ron,Mahay,mahar001,0.5,4.0
deltomi01,Miguel,Del Toro,deltm001,0.5,2.0
jonesbo04,Bobby,Jones,joneb004,0.5,4.0
johnske04,Keith,Johnson,johnk002,0.5,7.0
speieju01,Justin,Speier,speij001,0.5,2.0
rogerke01,Kenny,Rogers,rogek001,0.5,5.0
benesal01,Alan,Benes,benea002,0.5,4.0
jimenjo01,Jose,Jimenez,jimej001,0.5,5.0
schoupe01,Pete,Schourek,schop001,0.5,4.0
graveda01,Danny,Graves,gravd001,0.5,3.0
heredgi01,Gil,Heredia,hereg001,0.5,3.0
oconnbr01,Brian,O'Connor,oconb001,0.5,2.0
grillja01,Jason,Grilli,grilj001,0.5,2.0
natiojo01,Joey,Nation,natij001,0.5,4.0
halamjo01,John,Halama,halaj001,0.5,3.0
minorda01,Damon,Minor,minod001,0.444,11.0
mcdonjo03,John,McDonald,mcdoj003,0.444,9.0
lowerte01,Terrell,Lowery,lowet001,0.441,42.0
morgami01,Mike,Morgan,morgm001,0.438,17.0
mcdonke01,Keith,McDonald,mcdok001,0.429,9.0
tocajo01,Jorge,Toca,tocaj001,0.429,7.0
mientdo01,Doug,Mientkiewicz,miend001,0.429,15.0
charlfr01,Frank,Charles,charf001,0.429,7.0
maysjo01,Joe,Mays,maysj001,0.4,6.0
abbotpa01,Paul,Abbott,abbop001,0.4,6.0
ericksc01,Scott,Erickson,erics001,0.4,5.0
disarga01,Gary,Disarcina,disag001,0.395,42.0
hyzduad01,Adam,Hyzdu,hyzda001,0.389,18.0
ortizhe01,Hector,Ortiz,ortih001,0.386,99.0
garcino01,Nomar,Garciaparra,garcn001,0.372,599.0
heltoto01,Todd,Helton,heltt001,0.372,697.0
credejo01,Joe,Crede,credj001,0.357,15.0
aloumo01,Moises,Alou,aloum001,0.355,517.0
erstada01,Darin,Erstad,erstd001,0.355,747.0
brownro01,Roosevelt,Brown,browr001,0.352,98.0
barnejo01,John,Barnes,barnj001,0.351,41.0
ramirma02,Manny,Ramirez,ramim002,0.351,532.0
rodriiv01,Ivan,Rodriguez,rodri001,0.347,389.0
guerrvl01,Vladimir,Guerrero,guerv001,0.345,641.0
burksel01,Ellis,Burks,burke001,0.344,458.0
delgaca01,Carlos,Delgado,delgc001,0.344,711.0
timmooz01,Ozzie,Timmons,timmo001,0.341,42.0
cromedt01,D. T.,Cromer,cromd001,0.34,51.0
jeterde01,Derek,Jeter,jeted001,0.339,679.0
hammoje01,Jeffrey,Hammonds,hammj001,0.335,511.0
kentje01,Jeff,Kent,kentj001,0.334,695.0
castilu01,Luis,Castillo,castl001,0.334,626.0
seguida01,David,Segui,segud001,0.334,634.0
stynech01,Chris,Stynes,stync001,0.334,420.0
penael01,Elvis,Pena,penae001,0.333,10.0
chouibo01,Bobby,Chouinard,choub001,0.333,3.0
rekarbr01,Bryan,Rekar,rekab001,0.333,3.0
morrima01,Matt,Morris,morrm001,0.333,6.0
washbja01,Jarrod,Washburn,washj001,0.333,6.0
coneda01,David,Cone,coned001,0.333,3.0
sweenmi01,Mike,Sweeney,sweem002,0.333,717.0
figuene01,Nelson,Figueroa,figun001,0.333,4.0
redmati01,Tike,Redman,redmt001,0.333,19.0
blairwi01,Willie,Blair,blaiw001,0.333,3.0
luuloke01,Keith,Luuloa,luulk001,0.333,19.0
fultzaa01,Aaron,Fultz,fulta001,0.333,7.0
spencst02,Stan,Spencer,spens002,0.333,14.0
ozunapa01,Pablo,Ozuna,ozunp001,0.333,26.0
schoesc01,Scott,Schoeneweis,schos001,0.333,3.0
rollsda01,Damian,Rolls,rolld001,0.333,3.0
garcimi03,Mike,Garcia,garcm002,0.333,3.0
kinkami01,Mike,Kinkade,kinkm001,0.333,10.0
lindsro01,Rod,Lindsey,lindr001,0.333,5.0
giambja01,Jason,Giambi,giamj001,0.333,664.0
vidrojo01,Jose,Vidro,vidrj001,0.33,663.0
thomafr04,Frank,Thomas,thomf001,0.328,707.0
damonjo01,Johnny,Damon,damoj001,0.327,741.0
cirilje01,Jeff,Cirillo,cirij001,0.326,684.0
sheffga01,Gary,Sheffield,shefg001,0.325,612.0
piazzmi01,Mike,Piazza,piazm001,0.324,545.0
martied01,Edgar,Martinez,marte001,0.324,665.0
alfoned01,Edgardo,Alfonzo,alfoe001,0.324,650.0
gwynnto01,Tony,Gwynn,gwynt001,0.323,140.0
petribe01,Ben,Petrick,petrb001,0.322,173.0
dyeje01,Jermaine,Dye,dye-j001,0.321,679.0
rolliji01,Jimmy,Rollins,rollj001,0.321,55.0
frymatr01,Travis,Fryman,frymt001,0.321,658.0
fletcda01,Darrin,Fletcher,fletd001,0.32,445.0
merlolo01,Lou,Merloni,merll001,0.32,139.0
kendaja01,Jason,Kendall,kendj001,0.32,678.0
sosasa01,Sammy,Sosa,sosas001,0.32,705.0
suttola01,Larry,Sutton,suttl001,0.32,33.0
clarkwi02,Will,Clark,clarw001,0.319,507.0
stewash01,Shannon,Stewart,stews002,0.319,631.0
polanpl01,Placido,Polanco,polap001,0.316,350.0
abreubo01,Bobby,Abreu,abreb001,0.316,680.0
ochoaal01,Alex,Ochoa,ochoa001,0.316,275.0
rodrial01,Alex,Rodriguez,rodra001,0.316,672.0
counscr01,Craig,Counsell,counc001,0.316,176.0
brownad01,Adrian,Brown,browa001,0.315,340.0
caseyse01,Sean,Casey,cases001,0.315,545.0
ordonma01,Magglio,Ordonez,ordom001,0.315,665.0
gilesbr02,Brian,Giles,gileb002,0.315,688.0
hidalri01,Richard,Hidalgo,hidar001,0.314,644.0
colbrgr01,Greg,Colbrunn,colbg001,0.313,385.0
larkiba01,Barry,Larkin,larkb001,0.313,447.0
saenzol01,Olmedo,Saenz,saeno001,0.313,247.0
jonesch06,Chipper,Jones,jonec004,0.311,686.0
gonzalu01,Luis,Gonzalez,gonzl001,0.311,722.0
whitero02,Rondell,White,whitr001,0.311,396.0
gipsoch01,Charles,Gipson,gipsc001,0.31,33.0
pierrju01,Juan,Pierre,pierj002,0.31,219.0
bagweje01,Jeff,Bagwell,bagwj001,0.31,719.0
alomaro01,Roberto,Alomar,alomr001,0.31,697.0
rivaslu01,Luis,Rivas,rival001,0.31,64.0
walkela01,Larry,Walker,walkl001,0.309,372.0
verasqu01,Quilvio,Veras,veraq001,0.309,364.0
derosma01,Mark,DeRosa,derom001,0.308,15.0
pierzaj01,A. J.,Pierzynski,piera001,0.307,96.0
fryeje01,Jeff,Frye,fryej001,0.307,371.0
willibe02,Bernie,Williams,willb002,0.307,616.0
bondsba01,Barry,Bonds,bondb001,0.306,607.0
clapich01,Chris,Clapinski,clapc001,0.306,55.0
lawtoma02,Matt,Lawton,lawtm002,0.305,664.0
mcgwima01,Mark,McGwire,mcgwm001,0.305,321.0
randajo01,Joe,Randa,randj002,0.304,665.0
johnsch04,Charles,Johnson,johnc002,0.304,478.0
daviser01,Eric,Davis,davie001,0.303,293.0
jonesan01,Andruw,Jones,jonea002,0.303,729.0
jenkige01,Geoff,Jenkins,jenkg001,0.303,564.0
caminke01,Ken,Caminiti,camik001,0.303,253.0
youngdm01,Dmitri,Young,yound001,0.303,593.0
nevinph01,Phil,Nevin,nevip001,0.303,605.0
martira03,Ramon,Martinez,martr003,0.302,210.0
perryhe01,Herbert,Perry,perrh001,0.302,450.0
kaplega01,Gabe,Kapler,kaplg001,0.302,491.0
galaran01,Andres,Galarraga,galaa001,0.302,548.0
cruzde01,Deivi,Cruz,cruzd001,0.302,615.0
mcmilbi01,Billy,McMillon,mcmib001,0.301,149.0
spierbi01,Bill,Spiers,spieb001,0.301,409.0
leeca01,Carlos,Lee,lee-c001,0.301,619.0
maynebr01,Brent,Mayne,maynb001,0.301,395.0
fordybr01,Brook,Fordyce,fordb001,0.301,330.0
floydcl01,Cliff,Floyd,floyc001,0.3,487.0
higgibo02,Bobby,Higginson,higgb001,0.3,678.0
vinafe01,Fernando,Vina,vinaf001,0.3,554.0
delluda01,David,Dellucci,delld001,0.3,54.0
johnsla03,Lance,Johnson,johnl001,0.3,30.0
byrneer01,Eric,Byrnes,byrne001,0.3,11.0
bocachi01,Hiram,Bocachica,bocah001,0.3,10.0
wehnejo01,John,Wehner,wehnj001,0.3,55.0
allench01,Chad,Allen,allec001,0.3,55.0
melusmi01,Mitch,Meluskey,melum001,0.3,400.0
evereca01,Carl,Everett,everc001,0.3,561.0
palmeor01,Orlando,Palmeiro,palmo001,0.3,296.0
koskico01,Corey,Koskie,koskc001,0.3,559.0
piattad01,Adam,Piatt,piata001,0.299,182.0
vandejo02,John,Vander Wal,vandj001,0.299,461.0
kotsama01,Mark,Kotsay,kotsm001,0.298,578.0
rolensc01,Scott,Rolen,roles001,0.298,541.0
konerpa01,Paul,Konerko,konep001,0.298,586.0
hockide01,Denny,Hocking,hockd001,0.298,433.0
greerru01,Rusty,Greer,greer001,0.297,453.0
berkmla01,Lance,Berkman,berkl001,0.297,417.0
younger01,Eric,Young,youne001,0.297,690.0
perezed01,Eduardo,Perez,peree001,0.297,102.0
deshide01,Delino,DeShields,deshd001,0.296,643.0
ryanro02,Rob,Ryan,ryanr001,0.296,32.0
grebecr01,Craig,Grebeck,grebc001,0.295,270.0
fullmbr01,Brad,Fullmer,fullb001,0.295,524.0
edmonji01,Jim,Edmonds,edmoj001,0.295,643.0
drewjd01,J. D.,Drew,drewj001,0.295,486.0
furcara01,Rafael,Furcal,furcr001,0.295,542.0
knorrra01,Randy,Knorr,knorr001,0.294,37.0
donnech01,Chris,Donnels,donnc001,0.294,41.0
alicelu01,Luis,Alicea,alicl001,0.294,618.0
zuletju01,Julio,Zuleta,zulej001,0.294,73.0
bicheda01,Dante,Bichette,bichd001,0.294,636.0
quinnma01,Mark,Quinn,quinm001,0.294,544.0
wilsoen01,Enrique,Wilson,wilse001,0.293,263.0
osikke01,Keith,Osik,osikk001,0.293,143.0
owenser01,Eric,Owens,owene001,0.293,636.0
hillgl01,Glenallen,Hill,hillg001,0.293,321.0
catalfr01,Frank,Catalanotto,cataf001,0.291,326.0
paytoja01,Jay,Payton,paytj001,0.291,529.0
surhobj01,B. J.,Surhoff,surhb001,0.291,587.0
mateoru01,Ruben,Mateo,mater001,0.291,222.0
crespfe01,Felipe,Crespo,cresf001,0.29,150.0
walketo04,Todd,Walker,walkt002,0.29,283.0
beltrad01,Adrian,Beltre,belta001,0.29,575.0
salmoti01,Tim,Salmon,salmt001,0.29,680.0
eatonad01,Adam,Eaton,eatoa001,0.289,45.0
hanseda01,Dave,Hansen,hansd001,0.289,147.0
alomasa02,Sandy,Alomar,aloms001,0.289,384.0
agbaybe01,Benny,Agbayani,agbab001,0.289,414.0
alcanis01,Israel,Alcantara,alcai001,0.289,48.0
gonzaju03,Juan,Gonzalez,gonzj002,0.289,496.0
encarju01,Juan,Encarnacion,encaj001,0.289,590.0
burkhmo01,Morgan,Burkhart,burkm001,0.288,95.0
longte01,Terrence,Long,longt002,0.288,631.0
delarto01,Tomas,de la Rosa,delat001,0.288,77.0
palmera01,Rafael,Palmeiro,palmr001,0.288,678.0
perezne01,Neifi,Perez,peren001,0.287,699.0
posadjo01,Jorge,Posada,posaj001,0.287,624.0
huffau01,Aubrey,Huff,huffa001,0.287,129.0
vizquom01,Omar,Vizquel,vizqo001,0.287,717.0
lopezja01,Javy,Lopez,lopej001,0.287,525.0
sojolu01,Luis,Sojo,sojol001,0.286,323.0
perezti01,Timo,Perez,peret004,0.286,54.0
mahonmi02,Mike,Mahoney,mahom001,0.286,9.0
anderga01,Garret,Anderson,andeg001,0.286,681.0
sullisc01,Scott,Sullivan,sulls001,0.286,7.0
ensbemo01,Morgan,Ensberg,ensbm001,0.286,7.0
felizpe01,Pedro,Feliz,felip001,0.286,7.0
whitema01,Mark,Whiten,whitm001,0.286,10.0
justida01,David,Justice,justd001,0.286,605.0
bautida01,Danny,Bautista,bautd001,0.285,388.0
jonesja04,Jacque,Jones,jonej003,0.285,550.0
martial03,Al,Martin,marta001,0.285,523.0
bordimi01,Mike,Bordick,bordm001,0.285,644.0
booneaa01,Aaron,Boone,boona001,0.285,331.0
olerujo01,John,Olerud,olerj001,0.285,683.0
hundlto01,Todd,Hundley,hundt001,0.284,353.0
glaustr01,Troy,Glaus,glaut001,0.284,678.0
snowjt01,J. T.,Snow,snowj001,0.284,627.0
mordemi01,Mike,Mordecai,mordm001,0.284,183.0
coninje01,Jeff,Conine,conij001,0.284,451.0
oneilpa01,Paul,O'Neill,oneip001,0.283,628.0
kleskry01,Ryan,Klesko,klesr001,0.283,590.0
blumge01,Geoff,Blum,blumg001,0.283,379.0
lugoju01,Julio,Lugo,lugoj001,0.283,465.0
coxst01,Steve,Cox,cox-s001,0.283,369.0
fabrejo01,Jorge,Fabregas,fabrj001,0.282,152.0
cedenro01,Roger,Cedeno,ceder001,0.282,305.0
sheldsc01,Scott,Sheldon,shels001,0.282,138.0
pauljo01,Josh,Paul,paulj001,0.282,79.0
knoblch01,Chuck,Knoblauch,knobc001,0.282,457.0
spencsh01,Shane,Spencer,spens001,0.282,276.0
ortizda01,David,Ortiz,ortid001,0.282,478.0
joynewa01,Wally,Joyner,joynw001,0.281,260.0
loretma01,Mark,Loretta,lorem001,0.281,399.0
molinbe01,Bengie,Molina,molib001,0.281,513.0
belleal01,Albert,Belle,bellj002,0.281,622.0
leede02,Derrek,Lee,lee-d002,0.281,546.0
finlest01,Steve,Finley,finls001,0.28,623.0
eusebto01,Tony,Eusebio,euset001,0.28,249.0
durhara01,Ray,Durham,durhr001,0.28,709.0
hunteto01,Torii,Hunter,huntt001,0.28,358.0
gracema01,Mark,Grace,gracm001,0.28,621.0
burneaj01,A. J.,Burnett,burna001,0.28,30.0
grudzma01,Mark,Grudzielanek,grudm001,0.279,676.0
grievbe01,Ben,Grieve,grieb001,0.279,675.0
lambmi01,Mike,Lamb,lambm001,0.278,538.0
girarjo01,Joe,Girardi,giraj001,0.278,407.0
velarra01,Randy,Velarde,velar001,0.278,546.0
mccarda01,Dave,McCarty,mccad001,0.278,295.0
liebemi01,Mike,Lieberthal,liebm001,0.278,438.0
moutoly01,Lyle,Mouton,moutl001,0.278,109.0
seguife01,Fernando,Seguignol,seguf001,0.278,175.0
valdepe01,Pedro,Valdes,valdp001,0.278,60.0
loftoke01,Kenny,Lofton,loftk001,0.278,640.0
evansto01,Tom,Evans,evant001,0.278,67.0
morriha02,Hal,Morris,morrh001,0.278,204.0
renteed01,Edgar,Renteria,rente001,0.278,643.0
chaveer01,Eric,Chavez,chave001,0.277,569.0
mcgrifr01,Fred,McGriff,mcgrf001,0.277,664.0
cummimi01,Midre,Cummings,cummm001,0.277,227.0
gutieri01,Ricky,Gutierrez,gutir001,0.276,542.0
polonlu01,Luis,Polonia,polol001,0.276,383.0
cordewi01,Wil,Cordero,cordw001,0.276,536.0
nixontr01,Trot,Nixon,nixot001,0.276,502.0
hamilda02,Darryl,Hamilton,hamid001,0.276,120.0
glanvdo01,Doug,Glanville,gland001,0.275,689.0
morame01,Melvin,Mora,moram002,0.275,464.0
jeffegr01,Gregg,Jefferies,jeffg001,0.275,160.0
milleda02,Damian,Miller,milld002,0.275,364.0
prattto02,Todd,Pratt,pratt001,0.275,190.0
willima04,Matt,Williams,willm003,0.275,397.0
haselbi01,Bill,Haselman,haseb001,0.275,210.0
tejadmi01,Miguel,Tejada,tejam001,0.275,681.0
javiest01,Stan,Javier,javis001,0.275,392.0
graffto01,Tony,Graffanino,graft001,0.274,194.0
martida01,Dave,Martinez,martd002,0.274,513.0
mageewe01,Wendell,Magee,magew001,0.274,197.0
hamptmi01,Mike,Hampton,hampm001,0.274,84.0
zaungr01,Gregg,Zaun,zaung001,0.274,282.0
willige02,Gerald,Williams,willg001,0.274,682.0
abbotje01,Jeff,Abbott,abboj002,0.274,241.0
clarkto02,Tony,Clark,clart002,0.274,232.0
sanchre01,Rey,Sanchez,sancr001,0.273,555.0
wilkiri01,Rick,Wilkins,wilkr001,0.273,13.0
clarkbr02,Brady,Clark,clarb003,0.273,11.0
magadda01,Dave,Magadan,magad001,0.273,166.0
moralwi01,Willie,Morales,moraw001,0.273,11.0
valenjo03,Jose,Valentin,valej003,0.273,648.0
curtich01,Chad,Curtis,curtc001,0.272,381.0
diazei01,Einar,Diaz,diaze002,0.272,275.0
sexsori01,Richie,Sexson,sexsr001,0.272,607.0
vaughmo01,Mo,Vaughn,vaugm001,0.272,712.0
aurilri01,Rich,Aurilia,aurir001,0.271,571.0
griffke02,Ken,Griffey,grifk002,0.271,631.0
mondera01,Raul,Mondesi,mondr002,0.271,426.0
womacto01,Tony,Womack,womat001,0.271,659.0
coomero01,Ron,Coomer,coomr001,0.27,589.0
benjami01,Mike,Benjamin,benjm001,0.27,255.0
lowelmi01,Mike,Lowell,lowem001,0.27,582.0
hollato01,Todd,Hollandsworth,hollt001,0.269,471.0
thomeji01,Jim,Thome,thomj002,0.269,684.0
canizja01,Jay,Canizaro,canij001,0.269,371.0
greensh01,Shawn,Green,grees001,0.269,714.0
biggicr01,Craig,Biggio,biggc001,0.268,466.0
muellbi02,Bill,Mueller,muelb001,0.268,631.0
zeileto01,Todd,Zeile,zeilt001,0.268,623.0
darrmi02,Mike,Darr,darrm001,0.268,228.0
guerrwi01,Wilton,Guerrero,guerw001,0.267,314.0
daalom01,Omar,Daal,daalo001,0.267,54.0
tuckemi01,Michael,Tucker,tuckm001,0.267,323.0
camermi01,Mike,Cameron,camem001,0.267,643.0
taubeed01,Ed,Taubensee,taube001,0.267,291.0
huntebr02,Brian,Hunter,huntb002,0.267,274.0
bellja01,Jay,Bell,bellj001,0.267,649.0
kennead01,Adam,Kennedy,kenna001,0.266,641.0
riosar01,Armando,Rios,riosa001,0.266,269.0
ausmubr01,Brad,Ausmus,ausmb001,0.266,604.0
bellde01,Derek,Bell,belld001,0.266,622.0
whitede03,Devon,White,whitd001,0.266,168.0
lockhke01,Keith,Lockhart,lockk001,0.265,313.0
olivejo01,Joe,Oliver,olivj001,0.265,219.0
durazer01,Erubiel,Durazo,durae001,0.265,233.0
stevele01,Lee,Stevens,stevl001,0.265,501.0
trammbu01,Bubba,Trammell,tramb001,0.265,278.0
hattesc01,Scott,Hatteberg,hatts001,0.265,271.0
richach01,Chris,Richard,richc001,0.265,239.0
lopezlu02,Luis,Lopez,lopel002,0.264,225.0
jordabr01,Brian,Jordan,jordb001,0.264,537.0
kreutch01,Chad,Kreuter,kreuc001,0.264,271.0
wilsopr01,Preston,Wilson,wilsp002,0.264,674.0
belliro01,Ronnie,Belliard,bellr002,0.263,667.0
batisto01,Tony,Batista,batit001,0.263,664.0
goodwto01,Tom,Goodwin,goodt001,0.263,606.0
cabreal02,Alex,Cabrera,cabra001,0.263,87.0
benarma01,Marvin,Benard,benam001,0.263,633.0
santibe01,Benito,Santiago,santb001,0.262,277.0
davisru01,Russ,Davis,davir002,0.261,192.0
cairomi01,Miguel,Cairo,cairm001,0.261,417.0
oleartr01,Troy,O'Leary,oleat001,0.261,563.0
haltesh01,Shane,Halter,halts001,0.261,265.0
flahejo01,John,Flaherty,flahj001,0.261,418.0
huskebu01,Butch,Huskey,huskb001,0.261,356.0
mathemi01,Mike,Matheny,mathm001,0.261,464.0
weisswa01,Walt,Weiss,weisw001,0.26,227.0
tracyan01,Andy,Tracy,traca001,0.26,218.0
trubych01,Chris,Truby,trubc001,0.26,279.0
thompry01,Ryan,Thompson,thomr004,0.26,56.0
wilsocr02,Craig,Wilson,wilsc002,0.26,83.0
burrepa01,Pat,Burrell,burrp001,0.26,474.0
harrile01,Lenny,Harris,harrl001,0.26,248.0
morriwa02,Warren,Morris,morrw001,0.259,606.0
williwo02,Woody,Williams,willw001,0.259,66.0
millake01,Kevin,Millar,millk005,0.259,305.0
shumpte01,Terry,Shumpert,shumt001,0.259,300.0
easleda01,Damion,Easley,easld001,0.259,535.0
delgawi01,Wilson,Delgado,delgw001,0.258,141.0
berroge01,Geronimo,Berroa,berrg001,0.258,35.0
youngke01,Kevin,Young,younk001,0.258,541.0
martiti02,Tino,Martinez,martt002,0.258,632.0
wardda01,Daryle,Ward,wardd002,0.258,281.0
moranmi01,Mickey,Morandini,moram001,0.257,457.0
anderbr01,Brady,Anderson,andeb001,0.257,618.0
guillca01,Carlos,Guillen,guilc001,0.257,328.0
febleca01,Carlos,Febles,feblc001,0.257,399.0
valenjo02,John,Valentin,valej002,0.257,38.0
hairsje02,Jerry,Hairston,hairj002,0.256,212.0
ramirar01,Aramis,Ramirez,ramia001,0.256,274.0
chavera01,Raul,Chavez,chavr001,0.256,47.0
ripkeca01,Cal,Ripken,ripkc001,0.256,339.0
hernaca01,Carlos,Hernandez,hernc001,0.256,270.0
rodrihe02,Henry,Rodriguez,rodrh001,0.256,410.0
palmede01,Dean,Palmer,palmd002,0.256,604.0
menecfr01,Frank,Menechino,menef001,0.255,169.0
offerjo01,Jose,Offerman,offej001,0.255,527.0
jacksda04,Damian,Jackson,jackd003,0.255,541.0
reesepo01,Pokey,Reese,reesp001,0.255,577.0
bonilbo01,Bobby,Bonilla,bonib001,0.255,278.0
singlch01,Chris,Singleton,singc001,0.254,563.0
baineha01,Harold,Baines,bainh001,0.254,320.0
vaughgr01,Greg,Vaughn,vaugg001,0.254,545.0
maciajo01,Jose,Macias,macij001,0.254,196.0
giambje01,Jeremy,Giambi,giamj002,0.254,302.0
tatisfe01,Fernando,Tatis,tatif001,0.253,394.0
guilljo01,Jose,Guillen,guilj001,0.253,349.0
buhneja01,Jay,Buhner,buhnj001,0.253,430.0
lankfra01,Ray,Lankford,lankr001,0.253,472.0
lewisma01,Mark,Lewis,lewim001,0.253,198.0
fickro01,Robert,Fick,fickr001,0.252,188.0
winnra01,Randy,Winn,winnr001,0.252,190.0
bergda01,Dave,Berg,bergd002,0.252,245.0
cansejo01,Jose,Canseco,cansj001,0.252,401.0
lampkto01,Tom,Lampkin,lampt001,0.252,117.0
gonzaal01,Alex,Gonzalez,gonza001,0.252,591.0
redmomi01,Mike,Redmond,redmm001,0.252,235.0
hayesch01,Charlie,Hayes,hayec001,0.251,434.0
vizcajo01,Jose,Vizcaino,vizcj001,0.251,297.0
cabrejo02,Jolbert,Cabrera,cabrj002,0.251,187.0
boonebr01,Bret,Boone,boonb002,0.251,525.0
buforda01,Damon,Buford,bufod001,0.251,556.0
darenvi01,Vic,Darensbourg,darev001,0.25,8.0
boehrbr01,Brian,Boehringer,boehb001,0.25,5.0
pridecu01,Curtis,Pride,pridc001,0.25,21.0
karroer01,Eric,Karros,karre001,0.25,663.0
joneste02,Terry,Jones,jonet004,0.25,181.0
allendu01,Dusty,Allen,alled001,0.25,32.0
ginteke01,Keith,Ginter,gintk001,0.25,10.0
woodke02,Kerry,Wood,woodk002,0.25,46.0
walkeke01,Kevin,Walker,walkk001,0.25,4.0
eldreca01,Cal,Eldred,eldrc001,0.25,6.0
mulhote01,Terry,Mulholland,mulht001,0.25,45.0
houstty01,Tyler,Houston,houst001,0.25,305.0
wasdijo01,John,Wasdin,wasdj001,0.25,9.0
holbera01,Ray,Holbert,holbr001,0.25,4.0
hinchaj01,A. J.,Hinch,hinca001,0.25,9.0
wendetu01,Turk,Wendell,wendt001,0.25,4.0
avenbr01,Bruce,Aven,avenb001,0.25,176.0
ankieri01,Rick,Ankiel,ankir001,0.25,73.0
dunstsh01,Shawon,Dunston,dunss001,0.25,231.0
vitiejo01,Joe,Vitiello,vitij001,0.25,63.0
gantro01,Ron,Gant,gantr001,0.249,487.0
chrisry01,Ryan,Christenson,chrir001,0.248,153.0
daubabr01,Brian,Daubach,daubb001,0.248,549.0
varitja01,Jason,Varitek,varij001,0.248,519.0
guzmacr01,Cristian,Guzman,guzmc001,0.247,690.0
bellda01,David,Bell,belld002,0.247,512.0
beltrca01,Carlos,Beltran,beltc001,0.247,413.0
ramiral02,Alex,Ramirez,ramia002,0.247,240.0
casanra01,Raul,Casanova,casar001,0.247,265.0
loducpa01,Paul,Lo Duca,lodup001,0.246,75.0
paquecr01,Craig,Paquette,paquc001,0.245,420.0
bergepe01,Peter,Bergeron,bergp001,0.245,592.0
mclemma01,Mark,McLemore,mclem001,0.245,578.0
cordoma01,Marty,Cordova,cordm001,0.245,221.0
smithma03,Mark,Smith,smitm004,0.245,213.0
veraswi01,Wilton,Veras,veraw001,0.244,179.0
hernajo01,Jose,Hernandez,hernj001,0.244,496.0
nortogr01,Greg,Norton,nortg001,0.244,231.0
grissma02,Marquis,Grissom,grism001,0.244,640.0
maxweja01,Jason,Maxwell,maxwj001,0.243,124.0
guilloz01,Ozzie,Guillen,guilo001,0.243,114.0
bennega01,Gary,Bennett,benng001,0.243,89.0
spraged02,Ed,Sprague,sprae001,0.243,298.0
murraca01,Calvin,Murray,murrc001,0.242,229.0
spiezsc01,Scott,Spiezio,spies001,0.242,345.0
beckeri01,Rich,Becker,beckr002,0.242,357.0
rebouje01,Jeff,Reboulet,reboj001,0.242,212.0
cruzjo02,Jose,Cruz,cruzj004,0.242,681.0
claytro01,Royce,Clayton,clayr001,0.242,573.0
lewisda01,Darren,Lewis,lewid001,0.241,303.0
hernara02,Ramon,Hernandez,hernr002,0.241,479.0
castrju01,Juan,Castro,castj004,0.241,244.0
josefe01,Felix,Jose,josef001,0.241,32.0
cruzja01,Jacob,Cruz,cruzj003,0.241,36.0
mearepa01,Pat,Meares,mearp001,0.24,514.0
difelmi01,Mike,Difelice,difem001,0.24,223.0
lansimi01,Mike,Lansing,lansm001,0.24,548.0
francma01,Matt,Franco,franm001,0.239,157.0
selbybi01,Bill,Selby,selbb001,0.239,48.0
johnsru01,Russ,Johnson,johnr006,0.239,263.0
kingsge01,Gene,Kingsale,kingg001,0.239,91.0
castrra01,Ramon,Castro,castr002,0.239,157.0
gilbe01,Benji,Gil,gil-b001,0.239,343.0
coraal01,Alex,Cora,coraa001,0.238,394.0
branyru01,Russell,Branyan,branr001,0.238,220.0
princto01,Tom,Prince,print001,0.238,140.0
stanlmi02,Mike,Stanley,stanm002,0.238,331.0
cabreor01,Orlando,Cabrera,cabro001,0.237,454.0
klassda01,Danny,Klassen,klasd001,0.237,87.0
turnech01,Chris,Turner,turnc001,0.236,102.0
blanche01,Henry,Blanco,blanh001,0.236,324.0
ledeeri01,Ricky,Ledee,leder001,0.236,531.0
hernali01,Livan,Hernandez,hernl003,0.236,99.0
bransje01,Jeff,Branson,branj002,0.235,18.0
brownke04,Kevin,Brown,browk004,0.235,18.0
mahompa01,Pat,Mahomes,mahop001,0.235,20.0
mabryjo01,John,Mabry,mabrj001,0.235,244.0
wilsoda01,Dan,Wilson,wilsd001,0.235,303.0
sefcike01,Kevin,Sefcik,sefck001,0.235,171.0
leetr01,Travis,Lee,lee-t002,0.235,473.0
greento02,Todd,Greene,greet003,0.235,90.0
schnebr01,Brian,Schneider,schnb001,0.235,123.0
larueja01,Jason,LaRue,laruj001,0.235,107.0
smithbo06,Bob,Smith,smitr003,0.234,191.0
estalbo02,Bobby,Estalella,estab001,0.234,361.0
mcdonja02,Jason,McDonald,mcdoj002,0.234,114.0
greensc01,Scarborough,Green,grees002,0.234,139.0
widgech01,Chris,Widger,widgc001,0.233,324.0
sierrru01,Ruben,Sierra,sierr001,0.233,64.0
henderi01,Rickey,Henderson,hendr001,0.233,519.0
moutoja01,James,Mouton,moutj001,0.233,197.0
venturo01,Robin,Ventura,ventr001,0.232,551.0
foxan01,Andy,Fox,fox-a001,0.232,275.0
burnije01,Jeromy,Burnitz,burnj001,0.232,686.0
brognri01,Rico,Brogna,brogr001,0.232,199.0
buchabr01,Brian,Buchanan,buchb002,0.232,93.0
gonzawi01,Wiki,Gonzalez,gonzw001,0.232,319.0
sanchje01,Jesus,Sanchez,sancj001,0.232,60.0
sandere02,Reggie,Sanders,sandr002,0.232,377.0
vazquja01,Javier,Vazquez,vazqj001,0.231,80.0
contija01,Jason,Conti,contj001,0.231,99.0
barajro01,Rod,Barajas,barar001,0.231,13.0
brosisc01,Scott,Brosius,bross001,0.23,519.0
mirabdo01,Doug,Mirabelli,mirad001,0.23,273.0
andresh01,Shane,Andrews,andrs001,0.229,222.0
ibanera01,Raul,Ibanez,ibanr001,0.229,156.0
anderma02,Marlon,Anderson,andem003,0.228,174.0
baughju01,Justin,Baughman,baugj001,0.227,23.0
stairma01,Matt,Stairs,staim001,0.227,562.0
elsteke01,Kevin,Elster,elstk001,0.227,259.0
bakopa01,Paul,Bako,bakop001,0.226,251.0
tynerja01,Jason,Tyner,tynej001,0.226,142.0
ledesaa01,Aaron,Ledesma,ledea001,0.225,43.0
reynosh01,Shane,Reynolds,reyns001,0.225,46.0
johnsma02,Mark,Johnson,johnm003,0.225,251.0
marreel01,Eli,Marrero,marre001,0.225,116.0
matoslu01,Luis,Matos,matol001,0.225,201.0
myersgr01,Greg,Myers,myerg001,0.224,134.0
barkegl01,Glen,Barker,barkg001,0.224,77.0
davisbe01,Ben,Davis,davib003,0.223,148.0
mcewijo01,Joe,McEwing,mcewj001,0.222,169.0
powelbr01,Brian,Powell,poweb001,0.222,10.0
bellmi02,Mike,Bell,bellm003,0.222,31.0
martisa01,Sandy,Martinez,marta002,0.222,18.0
mottoch01,Chad,Mottola,mottc001,0.222,10.0
carpebu01,Bubba,Carpenter,carpb001,0.222,31.0
brockch01,Chris,Brock,brocc001,0.222,11.0
waszgbj01,B. J.,Waszgis,waszb001,0.222,51.0
sadledo01,Donnie,Sadler,sadld001,0.222,112.0
gomezch02,Chris,Gomez,gomec001,0.222,63.0
whitega01,Gabe,White,whitg001,0.222,10.0
larocgr01,Greg,LaRocca,larog001,0.222,30.0
castivi02,Vinny,Castilla,castv001,0.221,354.0
braggda01,Darren,Bragg,bragd001,0.221,169.0
bradlmi01,Milton,Bradley,bradm001,0.221,171.0
perezto03,Tomas,Perez,peret003,0.221,152.0
ordazlu01,Luis,Ordaz,ordal001,0.221,117.0
ojedaau01,Augie,Ojeda,ojeda001,0.221,89.0
nunezab01,Abraham,Nunez,nunea001,0.22,99.0
liebejo01,Jon,Lieber,liebj001,0.22,94.0
servasc01,Scott,Servais,servs002,0.22,120.0
dawkitr01,Travis,Dawkins,dawkt001,0.22,44.0
barkeke01,Kevin,Barker,barkk001,0.22,122.0
jordake01,Kevin,Jordan,jordk001,0.22,358.0
stockke01,Kevin,Stocker,stock001,0.219,409.0
collilo01,Lou,Collier,colll001,0.219,39.0
sweenma01,Mark,Sweeney,sweem001,0.219,87.0
clemeed02,Edgard,Clemente,cleme001,0.218,80.0
brownem01,Emil,Brown,browe001,0.218,135.0
amarari01,Rich,Amaral,amarr001,0.217,67.0
abbotku01,Kurt,Abbott,abbok002,0.217,173.0
coffiiv01,Ivanon,Coffie,coffi001,0.217,67.0
ritchto01,Todd,Ritchie,ritct001,0.217,64.0
stinnke01,Kelly,Stinnett,stink001,0.217,265.0
nichoke01,Kevin,Nicholson,nichk001,0.216,105.0
relafde01,Desi,Relaford,relad001,0.215,502.0
bushho01,Homer,Bush,bushh001,0.215,325.0
husonje01,Jeff,Huson,husoj001,0.215,144.0
huntebr01,Brian,Hunter,huntb001,0.214,160.0
parkch01,Chan Ho,Park,parkc002,0.214,78.0
barremi01,Michael,Barrett,barrm003,0.214,297.0
macharo01,Robert,Machado,machr001,0.214,15.0
martife01,Felix,Martinez,martf001,0.214,353.0
fasansa01,Sal,Fasano,fasas001,0.214,144.0
reedje02,Jeff,Reed,reedj001,0.214,277.0
schilcu01,Curt,Schilling,schic002,0.213,71.0
nievejo01,Jose,Nieves,nievj002,0.212,213.0
alexama02,Manny,Alexander,alexm001,0.211,209.0
obriech01,Charlie,O'Brien,obric001,0.211,21.0
castial01,Alberto,Castillo,casta001,0.211,211.0
howarth01,Thomas,Howard,howat001,0.211,141.0
moellch01,Chad,Moeller,moelc001,0.211,139.0
lirafe01,Felipe,Lira,liraf001,0.211,21.0
webstle01,Lenny,Webster,websl001,0.21,87.0
sextoch01,Chris,Sexton,sextc001,0.21,118.0
leyriji01,Jim,Leyritz,leyrj001,0.209,131.0
jensema01,Marcus,Jensen,jensm001,0.209,164.0
johnsbr01,Brian,Johnson,johnb002,0.208,132.0
riverru01,Ruben,Rivera,river002,0.208,479.0
bohanbr01,Brian,Bohanon,bohab001,0.208,67.0
dunwoto01,Todd,Dunwoody,dunwt001,0.208,195.0
bogarti01,Tim,Bogar,bogat001,0.207,351.0
bellicl01,Clay,Bellinger,bellc001,0.207,209.0
estessh01,Shawn,Estes,estes001,0.206,81.0
friasha01,Hanley,Frias,friah001,0.205,129.0
dehaako01,Kory,DeHaan,dehak001,0.204,110.0
reedri01,Rick,Reed,reedr002,0.204,67.0
coquitr01,Trace,Coquillette,coqut001,0.203,67.0
greenwi01,Willie,Greene,greew001,0.201,339.0
nunnata01,Talmadge,Nunnari,nunnt001,0.2,12.0
hernaal01,Alex,Hernandez,herna001,0.2,60.0
valdeis01,Ismael,Valdez,valdi001,0.2,33.0
suzukma01,Mac,Suzuki,suzum001,0.2,6.0
helmswe01,Wes,Helms,helmw001,0.2,5.0
martira02,Ramon,Martinez,martr002,0.2,5.0
whiteri01,Rick,White,whitr002,0.2,5.0
rueteki01,Kirk,Rueter,ruetk001,0.2,71.0
gonzaal02,Alex,Gonzalez,gonza002,0.2,407.0
sprinru01,Russ,Springer,sprir001,0.2,5.0
roberda07,Dave,Roberts,robed001,0.2,13.0
lambda01,David,Lamb,lambd001,0.2,6.0
alvarcl01,Clemente,Alvarez,alvac001,0.2,5.0
walbema01,Matt,Walbeck,walbm001,0.199,155.0
ortizru01,Russ,Ortiz,ortir001,0.197,75.0
santafp01,F. P.,Santangelo,santf001,0.197,177.0
echevan01,Angel,Echevarria,echea001,0.196,58.0
duceyro01,Rob,Ducey,duceb001,0.194,198.0
gloadro01,Ross,Gload,gloar001,0.194,35.0
stottto01,Todd,Stottlemyre,stott001,0.194,37.0
wolfra02,Randy,Wolf,wolfr001,0.193,71.0
matthga02,Gary,Matthews,mattg002,0.19,175.0
nunnajo01,Jon,Nunnally,nunnj001,0.189,92.0
blakeca01,Casey,Blake,blakc001,0.188,21.0
rigdopa01,Paul,Rigdon,rigdp001,0.188,25.0
maddugr01,Greg,Maddux,maddg002,0.188,90.0
ordonre01,Rey,Ordonez,ordor001,0.188,155.0
jonesch05,Chris,Jones,jonec002,0.188,17.0
posesc01,Scott,Pose,poses001,0.188,54.0
anderbr02,Brian,Anderson,andeb002,0.188,81.0
willige03,George,Williams,willg002,0.188,17.0
ariasal01,Alex,Arias,ariaa001,0.187,180.0
harnipe01,Pete,Harnisch,harnp001,0.186,49.0
hubbatr01,Trent,Hubbard,hubbt001,0.185,123.0
hermach01,Chad,Hermansen,hermc001,0.185,117.0
siscost01,Steve,Sisco,siscs001,0.185,30.0
woodwch01,Chris,Woodward,woodc001,0.183,115.0
perezed02,Eddie,Perez,peree002,0.182,22.0
liefeje01,Jeff,Liefer,liefj001,0.182,11.0
johnsmi02,Mike,Johnson,johnm002,0.182,26.0
johnsma01,Mark,Johnson,johnm001,0.182,27.0
ortizjo02,Jose,Ortiz,ortij003,0.182,13.0
mieskma01,Matt,Mieske,miesm001,0.18,99.0
yoshima01,Masato,Yoshii,yoshm001,0.18,64.0
soriaal01,Alfonso,Soriano,soria001,0.18,53.0
tapanke01,Kevin,Tapani,tapak001,0.179,68.0
gilkebe01,Bernard,Gilkey,gilkb001,0.177,185.0
silvajo01,Jose,Silva,silvj001,0.176,41.0
cardoja01,Javier,Cardona,cardj001,0.175,42.0
jahajo01,John,Jaha,jahaj001,0.175,133.0
lecroma01,Matt,LeCroy,lecrm001,0.174,190.0
perezsa01,Santiago,Perez,peres001,0.173,63.0
meyerch02,Chad,Meyers,meyec001,0.173,57.0
brownbr01,Brant,Brown,browb003,0.173,178.0
wardtu01,Turner,Ward,wardt001,0.173,59.0
lunarfe01,Fernando,Lunar,lunaf001,0.171,77.0
wilkima01,Marc,Wilkins,wilkm001,0.167,6.0
peterch01,Chris,Peters,petec001,0.167,6.0
reamebr01,Britt,Reames,reamb001,0.167,13.0
limajo01,Jose,Lima,limaj001,0.167,69.0
wellsda01,David,Wells,welld001,0.167,6.0
appieke01,Kevin,Appier,appik001,0.167,6.0
brockta01,Tarrik,Brock,broct001,0.167,16.0
hallto02,Toby,Hall,hallt001,0.167,13.0
patteco01,Corey,Patterson,pattc001,0.167,47.0
melhuad01,Adam,Melhuse,melha001,0.167,27.0
thompan02,Andy,Thompson,thoma002,0.167,9.0
villoro01,Ron,Villone,villr001,0.163,45.0
newhada01,David,Newhan,newhd001,0.162,45.0
dreifda01,Darren,Dreifort,dreid001,0.162,71.0
brownde02,Dee,Brown,browd002,0.16,28.0
elartsc01,Scott,Elarton,elars001,0.159,72.0
johnsra05,Randy,Johnson,johnr005,0.157,92.0
nathajo01,Joe,Nathan,nathj001,0.156,38.0
bellhma01,Mark,Bellhorn,bellm002,0.154,15.0
portebo03,Bo,Porter,portb001,0.154,15.0
gilbesh01,Shawn,Gilbert,gilbs001,0.15,23.0
byrdpa01,Paul,Byrd,byrdp001,0.15,24.0
ashbyan01,Andy,Ashby,ashba002,0.148,72.0
glavito02,Tom,Glavine,glavt001,0.147,89.0
hermadu01,Dustin,Hermanson,hermd001,0.145,65.0
arroybr01,Bronson,Arroyo,arrob001,0.143,23.0
castifr01,Frank,Castillo,castf001,0.143,7.0
pavanca01,Carl,Pavano,pavac001,0.143,38.0
burkejo03,John,Burkett,burkj001,0.143,51.0
estraho01,Horacio,Estrada,estrh001,0.143,8.0
cunnawi01,Will,Cunnane,cunnw001,0.143,7.0
alvarga01,Gabe,Alvarez,alvag001,0.143,17.0
gagneer01,Eric,Gagne,gagne001,0.143,34.0
anderji02,Jimmy,Anderson,andej002,0.14,54.0
berryse01,Sean,Berry,berrs001,0.14,54.0
wisede01,Dewayne,Wise,wised001,0.136,24.0
cornere01,Reid,Cornelius,cornr001,0.135,41.0
queveru01,Ruben,Quevedo,quevr001,0.133,31.0
hentgpa01,Pat,Hentgen,hentp001,0.133,72.0
garibda01,Daniel,Garibay,garid001,0.133,19.0
politcl01,Cliff,Politte,polic001,0.133,19.0
persoro01,Robert,Person,persr001,0.132,65.0
minorry01,Ryan,Minor,minor001,0.131,88.0
mccraqu01,Quinton,McCracken,mccrq001,0.129,37.0
parrist01,Steve,Parris,parrs001,0.127,62.0
casimca01,Carlos,Casimiro,casic001,0.125,8.0
hayneji01,Jimmy,Haynes,haynj001,0.125,70.0
irabuhi01,Hideki,Irabu,irabh001,0.125,18.0
lorraan01,Andrew,Lorraine,lorra001,0.125,11.0
ardoida01,Danny,Ardoin,ardod001,0.125,40.0
mooretr01,Trey,Moore,moort001,0.125,11.0
crometr01,Tripp,Cromer,cromt001,0.125,10.0
kileda01,Darryl,Kile,kiled001,0.123,91.0
kellyro01,Roberto,Kelly,kellb002,0.12,27.0
millwke01,Kevin,Millwood,millk004,0.119,75.0
fernaal01,Alex,Fernandez,ferna001,0.118,20.0
nunezvl01,Vladimir,Nunez,nunev001,0.118,21.0
botteke01,Kent,Bottenfield,bottk001,0.118,20.0
gardnma01,Mark,Gardner,gardm001,0.116,50.0
witasja01,Jay,Witasick,witaj001,0.115,29.0
dranske01,Kelly,Dransfeldt,drank001,0.115,27.0
cordofr01,Francisco,Cordova,cordf001,0.114,37.0
pennybr01,Brad,Penny,pennb002,0.111,46.0
lopezro01,Rodrigo,Lopez,loper001,0.111,9.0
arnolja01,Jamie,Arnold,arnoj001,0.111,10.0
slusajo01,Joe,Slusarski,slusj001,0.111,9.0
greench02,Charlie,Greene,greec002,0.111,9.0
chrismc01,McKay,Christensen,chrim002,0.105,22.0
reynoar02,Armando,Reynoso,reyna001,0.104,57.0
lombage01,George,Lombard,lombg001,0.103,41.0
smithch06,Chuck,Smith,smitc001,0.1,41.0
millewa04,Wade,Miller,millw001,0.1,41.0
holtch01,Chris,Holt,holtc001,0.1,70.0
mendoca01,Carlos,Mendoza,mendc001,0.1,11.0
desseel01,Elmer,Dessens,desse001,0.1,48.0
astacpe01,Pedro,Astacio,astap001,0.098,84.0
velanjo01,Jorge,Velandia,velaj001,0.097,34.0
sheetan01,Andy,Sheets,sheea001,0.095,21.0
tollbbr01,Brian,Tollberg,tollb001,0.094,38.0
bensokr01,Kris,Benson,bensk001,0.092,79.0
taylore01,Reggie,Taylor,taylr001,0.091,11.0
pritcch01,Chris,Pritchett,pritc001,0.091,12.0
fernaos01,Osvaldo,Fernandez,ferno001,0.091,29.0
damicje01,Jeff,D'Amico,damij001,0.091,54.0
garcika01,Karim,Garcia,garck002,0.091,33.0
cruziv01,Ivan,Cruz,cruzi001,0.091,11.0
jarvike01,Kevin,Jarvis,jarvk001,0.088,40.0
tavarju01,Julian,Tavarez,tavaj001,0.086,38.0
serafda01,Dan,Serafini,serad001,0.083,27.0
metcami01,Mike,Metcalfe,metcm001,0.083,13.0
benesan01,Andy,Benes,benea001,0.08,60.0
snydejo02,John,Snyder,snydj001,0.079,42.0
dempsry01,Ryan,Dempster,dempr002,0.078,82.0
meloju01,Juan,Melo,meloj001,0.077,13.0
rolisna01,Nate,Rolison,rolin001,0.077,16.0
hergema01,Matt,Herges,hergm001,0.077,14.0
brownke01,Kevin,Brown,browk001,0.076,84.0
farnsky01,Kyle,Farnsworth,farnk001,0.071,16.0
downssc01,Scott,Downs,downs001,0.071,34.0
perrych01,Chan,Perry,perrc001,0.071,14.0
clemema01,Matt,Clement,clemm001,0.067,69.0
bellro01,Rob,Bell,bellr003,0.067,49.0
wrighja01,Jamey,Wright,wrigj001,0.065,50.0
willisc01,Scott,Williamson,wills002,0.063,22.0
ruschgl01,Glendon,Rusch,ruscg001,0.06,57.0
garcije01,Jesse,Garcia,garcj001,0.059,19.0
leiteal01,Al,Leiter,leita001,0.052,71.0
stephga01,Garrett,Stephenson,stepg001,0.051,76.0
perezca01,Carlos,Perez,perec001,0.047,50.0
jonesbo03,Bobby,Jones,joneb003,0.045,55.0
thurmmi01,Mike,Thurman,thurm002,0.042,32.0
rosebr01,Brian,Rose,roseb002,0.042,28.0
armasto02,Tony,Armas,armat002,0.038,30.0
roskojo01,John,Roskos,roskj001,0.037,30.0
chenbr01,Bruce,Chen,chenb001,0.033,38.0
doteloc01,Octavio,Dotel,doteo001,0.031,40.0
fasseje01,Jeff,Fassero,fassj001,0.0,3.0
wagnebi02,Billy,Wagner,wagnb001,0.0,2.0
veresda01,Dave,Veres,vered001,0.0,1.0
mercejo02,Jose,Mercedes,mercj001,0.0,1.0
villeis01,Ismael,Villegas,villi001,0.0,1.0
nomohi01,Hideo,Nomo,nomoh001,0.0,6.0
mercahe01,Hector,Mercado,merch002,0.0,1.0
unroeti01,Tim,Unroe,unrot001,0.0,7.0
hasegsh01,Shigetoshi,Hasegawa,hases001,0.0,1.0
cabrejo01,Jose,Cabrera,cabrj001,0.0,1.0
pulsibi01,Bill,Pulsipher,pulsb001,0.0,2.0
etherse01,Seth,Etherton,ethes001,0.0,3.0
wakefti01,Tim,Wakefield,waket001,0.0,3.0
valdema02,Mario,Valdez,valdm002,0.0,12.0
valdema01,Marc,Valdes,valdm001,0.0,3.0
valeryo01,Yohanny,Valera,valey001,0.0,13.0
vanpoto01,Todd,Van Poppel,vanpt001,0.0,11.0
radkebr01,Brad,Radke,radkb001,0.0,2.0
urbinug01,Ugueth,Urbina,urbiu001,0.0,1.0
helliri01,Rick,Helling,hellr001,0.0,5.0
prokolu01,Luke,Prokopec,prokl001,0.0,6.0
hawkila01,LaTroy,Hawkins,hawkl001,0.0,1.0
henrydo01,Doug,Henry,henrd002,0.0,1.0
pichahi01,Hipolito,Pichardo,pichh001,0.0,1.0
leskacu01,Curt,Leskanic,leskc001,0.0,2.0
wellski01,Kip,Wells,wellk001,0.0,2.0
nelsoje01,Jeff,Nelson,nelsj001,0.0,1.0
guzmage01,Geraldo,Guzman,guzmg001,0.0,22.0
loopebr01,Braden,Looper,loopb001,0.0,2.0
miltoer01,Eric,Milton,milte001,0.0,2.0
willima06,Matt,Williams,willm006,0.0,1.0
willimi03,Mike,Williams,willm005,0.0,1.0
gonzara01,Raul,Gonzalez,gonzr002,0.0,2.0
bonesri01,Ricky,Bones,boner001,0.0,4.0
almanca01,Carlos,Almanzar,almac001,0.0,3.0
glynnry01,Ryan,Glynn,glynr001,0.0,2.0
wilsova01,Vance,Wilson,wilsv001,0.0,4.0
motagu01,Guillermo,Mota,motag001,0.0,1.0
powelja04,Jay,Powell,powej001,0.0,1.0
mlickda01,Dave,Mlicki,mlicd001,0.0,2.0
almanar01,Armando,Almanza,almaa001,0.0,2.0
wrighja02,Jaret,Wright,wrigj002,0.0,2.0
glaubke01,Keith,Glauber,glauk001,0.0,1.0
moehlbr01,Brian,Moehler,moehb001,0.0,4.0
adamste01,Terry,Adams,adamt001,0.0,3.0
youngmi02,Michael,Young,younm003,0.0,2.0
aceveju01,Juan,Acevedo,acevj001,0.0,2.0
carpech01,Chris,Carpenter,carpc002,0.0,2.0
zoskyed01,Eddie,Zosky,zoske001,0.0,4.0
lopezal02,Albie,Lopez,lopea002,0.0,7.0
gaettga01,Gary,Gaetti,gaetg001,0.0,11.0
moyerja01,Jamie,Moyer,moyej001,0.0,2.0
weaveje01,Jeff,Weaver,weavj002,0.0,3.0
andrecl01,Clayton,Andrews,andrc001,0.0,3.0
wallaje01,Jeff,Wallace,wallj001,0.0,1.0
walldo01,Donne,Wall,walld002,0.0,2.0
finlech01,Chuck,Finley,finlc001,0.0,7.0
liniaco01,Cole,Liniak,linic001,0.0,3.0
grosski01,Kip,Gross,grosk002,0.0,1.0
grimsja01,Jason,Grimsley,grimj001,0.0,3.0
francjo01,John,Franco,franj001,0.0,1.0
weathda01,David,Weathers,weatd001,0.0,1.0
mussimi01,Mike,Mussina,mussm001,0.0,6.0
fussech01,Chris,Fussell,fussc001,0.0,2.0
prietar01,Ariel,Prieto,priea001,0.0,2.0
frankwa01,Wayne,Franklin,franw001,0.0,2.0
munsoer01,Eric,Munson,munse001,0.0,5.0
rainst01,Steve,Rain,rains001,0.0,3.0
wellsve01,Vernon,Wells,wellv001,0.0,2.0
munrope01,Peter,Munro,munrp001,0.0,1.0
greenja01,Jason,Green,greej001,0.0,1.0
muldema01,Mark,Mulder,muldm001,0.0,4.0
millsal01,Alan,Mills,milla001,0.0,4.0
heredfe01,Felix,Heredia,heref001,0.0,2.0
aybarma01,Manny,Aybar,aybam001,0.0,9.0
trombmi01,Mike,Trombley,tromm001,0.0,1.0
schmija01,Jason,Schmidt,schmj001,0.0,22.0
kellyke01,Kenny,Kelly,kellk001,0.0,1.0
karsast01,Steve,Karsay,karss001,0.0,1.0
delosva01,Valerio,De Los Santos,delov001,0.0,6.0
santajo01,Johan,Santana,santj003,0.0,1.0
santaju01,Julio,Santana,santj001,0.0,7.0
jonesma02,Marcus,Jones,jonem002,0.0,2.0
saturlu01,Luis,Saturria,satul001,0.0,6.0
sauersc01,Scott,Sauerbeck,saues001,0.0,1.0
dipotje01,Jerry,Dipoto,dipoj001,0.0,1.0
carragi01,Giovanni,Carrara,carrg001,0.0,1.0
rupery01,Ryan,Rupe,ruper001,0.0,1.0
broweji01,Jim,Brower,browj003,0.0,3.0
phelpjo01,Josh,Phelps,phelj001,0.0,1.0
rapppa01,Pat,Rapp,rappp001,0.0,3.0
seleaa01,Aaron,Sele,selea001,0.0,4.0
parquji01,Jim,Parque,parqj001,0.0,4.0
coopebr01,Brian,Cooper,coopb001,0.0,4.0
paniajo01,Jose,Paniagua,panij001,0.0,1.0
johnsjo07,John,Johnstone,johnj006,0.0,2.0
johnsja02,Jason,Johnson,johnj007,0.0,5.0
dejeami01,Mike,DeJean,dejem001,0.0,2.0
kiescbr01,Brooks,Kieschnick,kiesb001,0.0,13.0
magnami01,Mike,Magnante,magnm001,0.0,1.0
kolbbr01,Brandon,Kolb,kolbb001,0.0,1.0
cruzne01,Nelson,Cruz,cruzn001,0.0,1.0
reichda01,Dan,Reichert,reicd001,0.0,1.0
brewija01,Jamie,Brewington,brewj001,0.0,2.0
remlimi01,Mike,Remlinger,remlm001,0.0,4.0
redmama01,Mark,Redman,redmm002,0.0,5.0
reyesca01,Carlos,Reyes,reyec001,0.0,1.0
reyesde01,Dennys,Reyes,reyed001,0.0,3.0
riedljo01,John,Riedling,riedj001,0.0,2.0
perisma01,Matt,Perisho,perim001,0.0,4.0
kochbi01,Billy,Koch,kochb001,0.0,1.0
rodriri02,Rich,Rodriguez,rodrr004,0.0,1.0
daviska01,Kane,Davis,davik001,0.0,1.0
perezyo01,Yorkis,Perez,perey001,0.0,1.0
pettian01,Andy,Pettitte,petta001,0.0,5.0
klinest02,Steve,Kline,klins002,0.0,2.0
rodrife01,Felix,Rodriguez,rodrf002,0.0,4.0
rodrifr02,Frankie,Rodriguez,rodrf001,0.0,1.0
lowede01,Derek,Lowe,lowed001,0.0,1.0
kimby01,Byung-Hyun,Kim,kim-b001,0.0,4.0
rodrijo02,Jose,Rodriguez,rodrj001,0.0,1.0
maddumi01,Mike,Maddux,maddm002,0.0,2.0
sirotmi01,Mike,Sirotka,sirom001,0.0,5.0
mcknito01,Tony,McKnight,mcknt001,0.0,14.0
levraal01,Allen,Levrault,levra001,0.0,3.0
stricsc01,Scott,Strickland,stris001,0.0,2.0
stronjo01,Joe,Strong,stroj001,0.0,1.0
stullev01,Everett,Stull,stule001,0.0,10.0
baldwja01,James,Baldwin,baldj002,0.0,5.0
suppaje01,Jeff,Suppan,suppj001,0.0,3.0
holmeda01,Darren,Holmes,holmd001,0.0,1.0
erdosto01,Todd,Erdos,erdot001,0.0,2.0
swannpe01,Pedro,Swann,swanp001,0.0,2.0
hitchst01,Sterling,Hitchcock,hitcs001,0.0,23.0
swindgr01,Greg,Swindell,swing001,0.0,2.0
ponsosi01,Sidney,Ponson,ponss001,0.0,3.0
escobke01,Kelvim,Escobar,escok001,0.0,7.0
lopezme01,Mendy,Lopez,lopem001,0.0,4.0
hershor01,Orel,Hershiser,herso001,0.0,7.0
telemam01,Amaury,Telemaco,telea001,0.0,5.0
telfoan01,Anthony,Telford,telfa001,0.0,3.0
hernaor01,Orlando,Hernandez,herno001,0.0,10.0
hernaca02,Carlos,Hernandez,hernc003,0.0,1.0
mcguiry01,Ryan,McGuire,mcgur001,0.0,3.0
thompma01,Mark,Thompson,thomm002,0.0,3.0
holzema01,Mark,Holzemer,holzm001,0.0,1.0
oliveda02,Darren,Oliver,olivd001,0.0,3.0
bruskji01,Jim,Bruske,brusj001,0.0,1.0
barteki01,Kimera,Bartee,bartk001,0.0,5.0
skrmema01,Matt,Skrmetta,skrmm001,0.0,2.0
slocuhe01,Heathcliff,Slocumb,sloch001,0.0,1.0
colonba01,Bartolo,Colon,colob001,0.0,5.0
osunaan01,Antonio,Osuna,osuna002,0.0,2.0
belinst01,Stan,Belinda,belis001,0.0,1.0
manzajo01,Josias,Manzanillo,manzj001,0.0,4.0
marquja01,Jason,Marquis,marqj001,0.0,2.0
durritr01,Trent,Durrington,durrt001,0.0,3.0
batismi01,Miguel,Batista,batim001,0.0,5.0
jamesmi01,Mike,James,jamem001,0.0,1.0
steveda01,Dave,Stevens,stevd001,0.0,1.0
burbada01,Dave,Burba,burbd001,0.0,3.0
spradje01,Jerry,Spradlin,spraj001,0.0,1.0
lidleco01,Cory,Lidle,lidlc001,0.0,2.0
sprinde01,Dennis,Springer,sprid001,0.0,4.0
blankma01,Matt,Blank,blanm001,0.0,1.0
coggida01,Dave,Coggin,coggd001,0.0,8.0
clemero02,Roger,Clemens,clemr001,0.0,3.0
hudsoti01,Tim,Hudson,hudst001,0.0,3.0
steinbl01,Blake,Stein,steib002,0.0,2.0
hubbami01,Mike,Hubbard,hubbm001,0.0,1.0
aguilri01,Rick,Aguilera,aguir001,,0.0
aldresc01,Scott,Aldred,aldrs001,,0.0
alfonan01,Antonio,Alfonseca,alfoa001,,0.0
alvarju01,Juan,Alvarez,alvaj002,,
anderma01,Matt,Anderson,andem002,,0.0
arrojro01,Rolando,Arrojo,arror001,,
balejo01,John,Bale,balej001,,
barcelo01,Lorenzo,Barcelo,barcl001,,
beckro01,Rod,Beck,beckr001,,
beirnke01,Kevin,Beirne,beirk001,,0.0
belchti01,Tim,Belcher,belct001,,
belitto01,Todd,Belitz,belit001,,
beltrri01,Rigo,Beltran,beltr001,,0.0
benitar01,Armando,Benitez,benia001,,0.0
bereja01,Jason,Bere,berej002,,
bernead01,Adam,Bernero,berna001,,
biddlro01,Rocky,Biddle,biddr001,,
bochtdo01,Doug,Bochtler,bochd001,,0.0
borbope02,Pedro,Borbon,borbp001,,0.0
borkoda01,Dave,Borkowski,borkd001,,
bottari01,Ricky,Bottalico,bottr001,,0.0
boydja02,Jason,Boyd,boydj001,,0.0
bradfch01,Chad,Bradford,bradc001,,
brantje01,Jeff,Brantley,branj001,,0.0
breale01,Leslie,Brea,breal001,,
brocado01,Doug,Brocail,brocd001,,0.0
brownma04,Mark,Brownson,browm005,,1.0
buddimi01,Mike,Buddie,buddm001,,0.0
buehrma01,Mark,Buehrle,buehm001,,
bulliki01,Kirk,Bullinger,bullk001,,0.0
byrdati01,Tim,Byrdak,byrdt001,,
cairnca01,Cameron,Cairncross,cairc001,,
carlybu01,Buddy,Carlyle,carlb001,,0.0
carrahe01,Hector,Carrasco,carrh001,,
charlno01,Norm,Charlton,charn001,,0.0
choatra01,Randy,Choate,choar001,,0.0
chrisja01,Jason,Christiansen,chrij002,,0.0
clarkma01,Mark,Clark,clarm002,,
clontbr01,Brad,Clontz,clonb001,,1.0
cocopa01,Pasqual,Coco,cocop001,,
cookde01,Dennis,Cook,cookd001,,1.0
cordefr01,Francisco,Cordero,cordf002,,0.0
cormirh01,Rheal,Cormier,cormr001,,0.0
crabtti01,Tim,Crabtree,crabt001,,0.0
crawfpa02,Paxton,Crawford,crawp001,,
creekdo01,Doug,Creek,creed001,,0.0
cressja01,Jack,Cressend,cresj001,,
crousri01,Rich,Croushore,crour001,,
cubilda01,Darwin,Cubillan,cubid001,,
damicje02,Jeff,D'Amico,damij002,,0.0
daveyto01,Tom,Davey,davet001,,0.0
davisdo02,Doug,Davis,david002,,0.0
depause01,Sean,DePaula,depas001,,
dewitma01,Matt,DeWitt,dewim001,,0.0
dicksja01,Jason,Dickson,dickj001,,
dingmcr01,Craig,Dingman,dingc001,,
drewti01,Tim,Drew,drewt001,,
durbich01,Chad,Durbin,durbc001,,
duvalmi01,Mike,Duvall,duvam001,,
eilanda01,Dave,Eiland,eilad001,,
einerda01,Darrell,Einertson,eined001,,
embreal01,Alan,Embree,embra001,,0.0
endertr01,Trevor,Enders,endet001,,
estrele01,Leo,Estrella,estrl001,,
eyresc01,Scott,Eyre,eyres001,,
fettemi01,Mike,Fetters,fettm001,,0.0
fioreto01,Tony,Fiore,fiort001,,
floribr01,Bryce,Florie,florb001,,0.0
fordbe01,Ben,Ford,fordb002,,
forstsc01,Scott,Forster,forss001,,0.0
foulkke01,Keith,Foulke,foulk001,,0.0
frascjo01,John,Frascatore,frasj001,,0.0
fyhrimi01,Mike,Fyhrie,fyhrm001,,0.0
garceri01,Rich,Garces,garcr001,,0.0
garlajo01,Jon,Garland,garlj001,,0.0
gintema01,Matt,Ginter,gintm001,,
gomeswa01,Wayne,Gomes,gomew001,,0.0
goodedw01,Dwight,Gooden,goodd001,,
groombu01,Buddy,Groom,groob001,,0.0
guarded01,Eddie,Guardado,guare001,,0.0
gundeer01,Eric,Gunderson,gunde001,,
guthrma01,Mark,Guthrie,guthm001,,
guzmado01,Domingo,Guzman,guzmd001,,
guzmaju01,Juan,Guzman,guzmj003,,
hackmlu01,Luther,Hackman,hackl001,,0.0
hallaro01,Roy,Halladay,hallr001,,
hamiljo02,Joey,Hamilton,hamij002,,
haneych01,Chris,Haney,hanec001,,
harpetr01,Travis,Harper,harpt002,,
hernaro01,Roberto,Hernandez,hernr001,,0.0
hiljuer01,Erik,Hiljus,hilje001,,
hillke01,Ken,Hill,hillk001,,
hinchbr01,Brett,Hinchliffe,hincb001,,
hodgeke01,Kevin,Hodges,hodgk001,,
hoffmtr01,Trevor,Hoffman,hofft001,,0.0
holtzmi01,Mike,Holtz,holtm001,,0.0
housecr01,Craig,House,housc001,,0.0
howrybo01,Bob,Howry,howrb001,,0.0
isrinja01,Jason,Isringhausen,isrij001,,0.0
jacquto01,Thomas,Jacquez,jacqt001,,0.0
johnsjo08,Jonathan,Johnson,johnj008,,
johnsma03,Mark,Johnson,johnm004,,
jonesdo01,Doug,Jones,joned001,,0.0
jonesto02,Todd,Jones,jonet003,,0.0
kamiesc01,Scott,Kamieniecki,kamis001,,0.0
karchma01,Matt,Karchner,karcm001,,2.0
karlsc01,Scott,Karl,karls001,,
keislra01,Randy,Keisler,keisr001,,
kidama01,Masao,Kida,kidam001,,
kingra01,Ray,King,kingr001,,0.0
kinnema01,Matt,Kinney,kinnm002,,
kohlmry01,Ryan,Kohlmeier,kohlr001,,0.0
kolbda01,Danny,Kolb,kolbd001,,
larayo01,Yovanny,Lara,laray001,,0.0
larkian01,Andy,Larkin,larka001,,
laxtobr01,Brett,Laxton,laxtb001,,
leeda01,David,Lee,lee-d003,,0.0
leesa01,Sang-Hoon,Lee,lee-s001,,
levinal01,Al,Levine,levia001,,0.0
ligteke01,Kerry,Ligtenberg,ligtk001,,0.0
lillyte01,Ted,Lilly,lillt001,,
lincomi01,Mike,Lincoln,lincm001,,
loaizes01,Esteban,Loaiza,loaie001,,
loiseri01,Rich,Loiselle,loisr001,,0.0
lowese01,Sean,Lowe,lowes001,,0.0
luebbla01,Larry,Luebbers,luebl001,,1.0
madurca01,Calvin,Maduro,maduc001,,
maireos01,Oswaldo,Mairena,mairo001,,0.0
mannji01,Jim,Mann,mannj001,,0.0
mantema01,Matt,Mantei,mantm001,,0.0
martipe02,Pedro,Martinez,martp001,,
martito02,Tom,Martin,martt003,,0.0
martiwi01,Willie,Martinez,martw001,,
masaoon01,Onan,Masaoka,masao001,,0.0
mathetj01,T. J.,Mathews,matht002,,1.0
matthmi01,Mike,Matthews,mattm001,,0.0
maureda01,Dave,Maurer,maurd001,,0.0
mcdilal01,Allen,McDill,mcdia001,,0.0
mcelrch01,Chuck,McElroy,mcelc001,,0.0
mcglike01,Kevin,McGlinchy,mcglk001,,0.0
mcmicgr01,Greg,McMichael,mcmig001,,0.0
meachru01,Rusty,Meacham,meacr001,,0.0
meadobr01,Brian,Meadows,meadb001,,
mechegi01,Gil,Meche,mechg001,,
mecirji01,Jim,Mecir,mecij001,,
mendora01,Ramiro,Mendoza,mendr001,,
merckke01,Kent,Mercker,merck001,,
mesajo01,Jose,Mesa,mesaj001,,0.0
micelda01,Dan,Miceli,miced001,,0.0
milletr01,Travis,Miller,millt001,,0.0
milletr02,Trever,Miller,millt002,,0.0
mohlemi01,Mike,Mohler,mohlm001,,
molinga01,Gabe,Molina,molig001,,0.0
montgst01,Steve,Montgomery,monts001,,0.0
moragda01,David,Moraga,morad001,,0.0
morriji02,Jim,Morris,morrj004,,
motada01,Danny,Mota,motad001,,
mullesc01,Scott,Mullen,mulls002,,
munozmi01,Mike,Munoz,munom001,,
murrada02,Dan,Murray,murrd002,,
myersmi01,Mike,Myers,myerm001,,0.0
myersro01,Rodney,Myers,myerr002,,0.0
myettaa01,Aaron,Myette,myeta001,,
nagych01,Charles,Nagy,nagyc001,,
navarja01,Jaime,Navarro,navaj001,,
neaglde01,Denny,Neagle,neagd001,,
nenro01,Robb,Nen,nen-r001,,0.0
newmaal02,Alan,Newman,newma002,,
nichtch01,Chris,Nichting,nichc002,,
nickldo01,Doug,Nickle,nickd001,,0.0
nitkocj01,C. J.,Nitkowski,nitkc001,,0.0
ohkato01,Tomo,Ohka,ohkat001,,
ohmanwi01,Will,Ohman,ohmaw001,,0.0
olsongr01,Gregg,Olson,olsog001,,0.0
ontivst02,Steve,Ontiveros,ontis001,,
oroscje01,Jesse,Orosco,orosj001,,0.0
ortizra01,Ramon,Ortiz,ortir002,,
paintla01,Lance,Painter,painl001,,0.0
palacvi01,Vicente,Palacios,palav001,,0.0
parrajo01,Jose,Parra,parrj002,,2.0
parrijo01,John,Parrish,parrj003,,
patteda04,Danny,Patterson,pattd001,,0.0
penaje01,Jesus,Pena,penaj003,,
percitr01,Troy,Percival,perct001,,0.0
petkoma01,Mark,Petkovsek,petkm001,,0.0
pineijo01,Joel,Pineiro,pinej001,,
plesada01,Dan,Plesac,plesd001,,0.0
pooleji02,Jim,Poole,poolj001,,
potelo01,Lou,Pote,potel001,,0.0
quantpa01,Paul,Quantrill,quanp001,,1.0
radinsc01,Scott,Radinsky,radis001,,0.0
rakerja01,Jason,Rakers,rakej001,,0.0
ramsaro01,Robert,Ramsay,ramsr001,,0.0
ratlijo01,Jon,Ratliff,ratlj001,,
reedst01,Steve,Reed,reeds001,,0.0
reyesal01,Alberto,Reyes,reyea001,,0.0
rhodear01,Arthur,Rhodes,rhoda001,,0.0
rigbybr01,Brad,Rigby,rigbb001,,
riggaje01,Jerrod,Riggan,riggj001,,0.0
rincori01,Ricardo,Rincon,rincr001,,
riverlu02,Luis,Rivera,rivel002,,
riverma01,Mariano,Rivera,rivem002,,0.0
robergr01,Grant,Roberts,robeg001,,1.0
rockejo01,John,Rocker,rockj001,,0.0
romerjc01,J. C.,Romero,romej001,,
roquera01,Rafael,Roque,roqur001,,0.0
rosadjo01,Jose,Rosado,rosaj001,,
ruffijo01,Johnny,Ruffin,ruffj001,,0.0
runyase01,Sean,Runyan,runys001,,
ryanbj01,B. J.,Ryan,ryanb001,,0.0
ryanja04,Jason,Ryan,ryanj001,,
santijo03,Jose,Santiago,santj002,,0.0
sasakka01,Kazuhiro,Sasaki,sasak001,,0.0
sauveri01,Rich,Sauveur,sauvr001,,0.0
scanlbo01,Bob,Scanlan,scanb001,,0.0
schrest01,Steve,Schrenk,schrs001,,0.0
seaneru01,Rudy,Seanez,seanr001,,0.0
seelbch02,Chris,Seelbach,seelc001,,0.0
servisc01,Scott,Service,servs001,,0.0
shawje01,Jeff,Shaw,shawj001,,0.0
shueypa01,Paul,Shuey,shuep001,,0.0
sikorbr01,Brian,Sikorski,sikob001,,
simasbi01,Bill,Simas,simab001,,0.0
smithbr03,Brian,Smith,smitb003,,0.0
smithda06,Dan,Smith,smitd006,,0.0
sparkje01,Jeff,Sparks,sparj001,,
sparkst01,Steve,Sparks,spars001,,
sparkst02,Steve,Sparks,spars002,,0.0
spencse01,Sean,Spencer,spens003,,0.0
spoljpa01,Paul,Spoljaric,spolp001,,
spurgja01,Jay,Spurgeon,spurj001,,
staniro01,Rob,Stanifer,stanr001,,0.0
stechge01,Gene,Stechschulte,stecg001,,0.0
sturtta01,Tanyon,Sturtze,sturt001,,
tamje01,Jeff,Tam,tam-j001,,0.0
taylobi04,Billy,Taylor,taylb001,,
tessmja01,Jay,Tessmer,tessj001,,
timlimi01,Mike,Timlin,timlm001,,0.0
tolarke01,Kevin,Tolar,tolak001,,
tomkobr01,Brett,Tomko,tomkb001,,0.0
trachst01,Steve,Trachsel,tracs001,,
turnbde01,Derrick,Turnbow,turnd001,,
venafmi01,Mike,Venafro,venam002,,0.0
villabr01,Brandon,Villafuerte,villb001,,
vizcalu01,Luis,Vizcaino,vizcl001,,
vogelry01,Ryan,Vogelsong,voger001,,0.0
vosbeed01,Ed,Vosberg,vosbe001,,0.0
wainhda01,Dave,Wainhouse,waind001,,0.0
walkepe01,Pete,Walker,walkp001,,0.0
wardbr01,Bryan,Ward,wardb001,,
watsoal01,Allen,Watson,watsa001,,0.0
watsoma01,Mark,Watson,watsm001,,0.0
weaveer01,Eric,Weaver,weave001,,0.0
weberbe01,Ben,Weber,webeb001,,
wellsbo01,Bob,Wells,wellb002,,0.0
wengedo01,Don,Wengert,wengd001,,0.0
westbja01,Jake,Westbrook,westj001,,
wettejo01,John,Wetteland,wettj001,,0.0
wheelda01,Dan,Wheeler,wheed001,,
whisema01,Matt,Whisenant,whism001,,0.0
whitema02,Matt,Whiteside,whitm002,,0.0
wickmbo01,Bob,Wickman,wickb001,,
willibr01,Brian,Williams,willb001,,
willije01,Jeff,Williams,willj002,,0.0
wilsokr01,Kris,Wilson,wilsk001,,
wilsopa02,Paul,Wilson,wilsp001,,
winchsc01,Scott,Winchester,wincs001,,0.0
wisema01,Matt,Wise,wisem001,,
wittbo01,Bobby,Witt,wittb001,,
wohlema01,Mark,Wohlers,wohlm001,,0.0
woodast01,Steve,Woodard,woods001,,
worreti01,Tim,Worrell,worrt002,,
wunscke01,Kelly,Wunsch,wunsk001,,0.0
yarnaed01,Ed,Yarnall,yarne001,,
youngda01,Danny,Young,yound002,,0.0
youngti01,Tim,Young,yount001,,
zerbech01,Chad,Zerbe,zerbc001,,0.0
zimmeje02,Jeff,Zimmerman,zimmj001,,0.0
zitoba01,Barry,Zito,zitob001,,
